{
"type": "FeatureCollection",
"name": "MACROSECTORES_J",
"crs": { "type": "name", "properties": { "name": "urn:ogc:def:crs:OGC:1.3:CRS84" } },
"features": [
{ "type": "Feature", "properties": { "F_ING": null, "CODIGO_MS": "85", "NOM_MS": "ALTAVISTA (ALFONSO REYES)", "TIP_INFO": "PLANO DE CENTRALES", "CONS_ZP": "CAMPANA I", "ESTADO_MS": "EN PROYECTO 01", "ID_MEDIDOR": null, "Q_MEDIO": 89.25, "Q_FACTURAD": 0.0, "MARCA_CONT": "OTRO", "MARCA_VAL": "OTRO", "P_MIN": 0.0, "P_MAX": 0.0, "P_ENTRADA": 0.0, "P_SALIDA": 0.0, "LONG_RED": 0.0, "CANT_TOMAS": 6206.0, "CANT_MEDID": 6124.0, "PORCENTAJE": 0.0, "GASTO_MEDI": 0.0, "NUMERO_CIR": 13, "TOMAS_NS": 0.0, "MEDIDORES_": 0.0, "DIAM_VAL": "10\"", "CLORO": 0.0, "PH_H2O": 0.0, "TEMP_AGUA": 0, "RESP_MS": "SUR-MARTIN SANCHEZ ACUÑA", "FECHA_PRUE": null, "REF_DIR_ME": "Alfonso Reyes c/c Ant Cam a Villa Santiago, Col Altavista", "TIP_MODI": null, "CONS_M3_US": 0.0, "CREATED_US": "AUXILIARGIS5", "CREATED_DA": "2019-07-09", "LAST_EDITE": "AUXILIARGIS5", "LAST_EDI_1": "2019-07-09", "Shape_Leng": 13332.084263000001, "Shape_Area": 3022493.5098199998 }, "geometry": { "type": "MultiPolygon", "coordinates": [ [ [ [ -100.299545036027453, 25.654962503723738 ], [ -100.299527713367908, 25.654959685124606 ], [ -100.299521558670833, 25.654936259380307 ], [ -100.299517038528904, 25.654957948508894 ], [ -100.299527713367908, 25.654959685124606 ], [ -100.299537616230822, 25.654997379495427 ], [ -100.299510067249599, 25.655126863996891 ], [ -100.299568009738408, 25.655138621579955 ], [ -100.299800781825013, 25.65518585578706 ], [ -100.299792188271795, 25.655224673996639 ], [ -100.299789434115908, 25.655237116414913 ], [ -100.299779806745121, 25.655280589834458 ], [ -100.299774262399481, 25.655305637708537 ], [ -100.299768855173426, 25.65533004205659 ], [ -100.299760083703944, 25.655369664729442 ], [ -100.299757766944154, 25.655369229319998 ], [ -100.299731300753251, 25.655482051384951 ], [ -100.299693496325474, 25.655643204534762 ], [ -100.299692957268491, 25.655643107100477 ], [ -100.299688313878534, 25.655664539337018 ], [ -100.299686223569239, 25.655674209649639 ], [ -100.299578268625183, 25.655654828933507 ], [ -100.29957870102686, 25.655653204334588 ], [ -100.299503254182284, 25.655638460642255 ], [ -100.299490814275828, 25.655636032132719 ], [ -100.299449953096527, 25.655628050175828 ], [ -100.299449064149144, 25.655631633051271 ], [ -100.299392983464287, 25.655621564711694 ], [ -100.299347418563499, 25.655810133530643 ], [ -100.299339385138452, 25.655843380087198 ], [ -100.299802300397317, 25.655925739036263 ], [ -100.299798335873362, 25.655942404145492 ], [ -100.299795227629701, 25.655955470075444 ], [ -100.29970483140896, 25.656335472475096 ], [ -100.299551426798573, 25.656305862509452 ], [ -100.299551400758261, 25.65630585738873 ], [ -100.299321993215869, 25.656266240082008 ], [ -100.299229169490602, 25.656250210019884 ], [ -100.299204438540684, 25.65636049122422 ], [ -100.299163953384877, 25.656541394897609 ], [ -100.299162020707925, 25.656541035814055 ], [ -100.299151156493608, 25.656589970695048 ], [ -100.299162825265, 25.656592294760486 ], [ -100.299148374266196, 25.656665243623909 ], [ -100.299970071352334, 25.656822583413991 ], [ -100.300092549795295, 25.656846735242976 ], [ -100.300097507117471, 25.656847561950865 ], [ -100.300082095925035, 25.656896172341312 ], [ -100.3000547739002, 25.657025377626315 ], [ -100.300120779390852, 25.65703698928467 ], [ -100.300187792686785, 25.657047483425515 ], [ -100.300513484100293, 25.657098487625245 ], [ -100.300594463900893, 25.657111168910216 ], [ -100.300667965645388, 25.657122679272959 ], [ -100.300667700753209, 25.657123793355538 ], [ -100.300689416584291, 25.657127010501942 ], [ -100.300731960927095, 25.657133309243374 ], [ -100.30080335955472, 25.657143882313509 ], [ -100.300803390313547, 25.657143886856694 ], [ -100.300830876254523, 25.657029864613705 ], [ -100.300831543970205, 25.656969961076847 ], [ -100.300863275267801, 25.656975252444493 ], [ -100.30091049090926, 25.656983125974229 ], [ -100.301043144961923, 25.657005246016269 ], [ -100.301311291344149, 25.657058617019334 ], [ -100.301295302195186, 25.657119229854057 ], [ -100.30126783298391, 25.657241339171399 ], [ -100.301264432370857, 25.657256457219766 ], [ -100.301260868331923, 25.657272297711764 ], [ -100.301256021481578, 25.657293843668899 ], [ -100.301248430358484, 25.657327589507151 ], [ -100.301240188980429, 25.657364216524886 ], [ -100.301217087844506, 25.657359605163762 ], [ -100.301205328355977, 25.657357257988519 ], [ -100.301185034970715, 25.657353207697351 ], [ -100.301138700563257, 25.657495247790823 ], [ -100.301167299143913, 25.657500548811925 ], [ -100.301206606226046, 25.657507835440356 ], [ -100.301197888557923, 25.657548138542285 ], [ -100.301196378143544, 25.657555129039171 ], [ -100.301194193967447, 25.65756522894339 ], [ -100.301251915403029, 25.657575595589059 ], [ -100.301272592592099, 25.657579309520401 ], [ -100.301291937222757, 25.657582784293805 ], [ -100.301300917215116, 25.657584396714093 ], [ -100.301313667676425, 25.657586686873852 ], [ -100.301327878510051, 25.657589239134097 ], [ -100.301359512053651, 25.657594920388778 ], [ -100.301399505482209, 25.657602103964177 ], [ -100.301392726476223, 25.657632862274756 ], [ -100.301375656043518, 25.657710350600968 ], [ -100.301373799243208, 25.657718780808484 ], [ -100.301362323992947, 25.657770869097725 ], [ -100.301440850438695, 25.65778583000273 ], [ -100.301472619754904, 25.657791881486631 ], [ -100.30151924906643, 25.657800765777033 ], [ -100.301568351493358, 25.657810120969682 ], [ -100.301597526997085, 25.657815679568895 ], [ -100.301585002663984, 25.657876606772199 ], [ -100.301576574423976, 25.657917611705031 ], [ -100.30156962585454, 25.657951407492792 ], [ -100.301562411529318, 25.657986509527856 ], [ -100.301555974072556, 25.658017827885391 ], [ -100.301548803923495, 25.658079797121644 ], [ -100.301594923939803, 25.658088214901795 ], [ -100.301720137820737, 25.658111069693241 ], [ -100.301777587590266, 25.658123801688557 ], [ -100.301741333073593, 25.658288319420308 ], [ -100.301806899048998, 25.658299842144018 ], [ -100.301821168042878, 25.658302085528334 ], [ -100.301853900938895, 25.658307230710268 ], [ -100.301925909145012, 25.658318557293899 ], [ -100.301975072127689, 25.658326287842051 ], [ -100.301984920223148, 25.658327836273603 ], [ -100.302016509044137, 25.65833280481954 ], [ -100.302008417774275, 25.658365617385101 ], [ -100.302000887675618, 25.658396157610422 ], [ -100.301987488234403, 25.658450500461147 ], [ -100.302083121746989, 25.65846709027592 ], [ -100.302139116904712, 25.658476809843901 ], [ -100.302191361885249, 25.658485873438302 ], [ -100.30218693261277, 25.658506704342255 ], [ -100.302185974037158, 25.658511211164846 ], [ -100.302182867627209, 25.658525840594933 ], [ -100.302172303481115, 25.658575495037095 ], [ -100.302158409775387, 25.658640821431604 ], [ -100.302152283139833, 25.658669642754681 ], [ -100.302146149508417, 25.658698472703946 ], [ -100.302068920156003, 25.658685114420386 ], [ -100.302037988552144, 25.658679765349039 ], [ -100.3019929333947, 25.658671974100606 ], [ -100.301980386135256, 25.65873806565914 ], [ -100.301972816182328, 25.658777936778939 ], [ -100.301963001152984, 25.658829637758728 ], [ -100.301956028353487, 25.658866362683092 ], [ -100.301912253150419, 25.658858158555287 ], [ -100.301894395572816, 25.65885481138022 ], [ -100.301835707502079, 25.658843811862447 ], [ -100.301774181268158, 25.658832280967967 ], [ -100.301692382970884, 25.658816946397046 ], [ -100.301628138156801, 25.658801971239352 ], [ -100.301626423141869, 25.658809752527628 ], [ -100.301607268793745, 25.658896671887572 ], [ -100.301592888504672, 25.658961925498154 ], [ -100.301581894313998, 25.659011813361669 ], [ -100.301475886579325, 25.659492101233138 ], [ -100.301541469837105, 25.659504068697071 ], [ -100.301541068075451, 25.659505957442708 ], [ -100.301584291861602, 25.659513396897154 ], [ -100.301730357663573, 25.659538536424435 ], [ -100.301720934874368, 25.659582644529134 ], [ -100.301710664696003, 25.659630732842242 ], [ -100.301689847666623, 25.659728191189487 ], [ -100.301673798969219, 25.659803346885262 ], [ -100.301654022500585, 25.65989591015294 ], [ -100.301638230792832, 25.659953397508474 ], [ -100.301607225527988, 25.660009565706801 ], [ -100.301604898656592, 25.660021100831027 ], [ -100.301597219560463, 25.660059204426293 ], [ -100.301594805265793, 25.660071173350055 ], [ -100.301594298188718, 25.66007369731032 ], [ -100.301586691267048, 25.660111432006921 ], [ -100.301580307752317, 25.660143102611222 ], [ -100.30157696952827, 25.660159672249055 ], [ -100.301570999037963, 25.660189295036542 ], [ -100.301592689340467, 25.660192936178333 ], [ -100.301604593584486, 25.660194936248288 ], [ -100.301612299380849, 25.660196229753776 ], [ -100.301615544053476, 25.660196774611784 ], [ -100.301643527277619, 25.660201472957059 ], [ -100.301657521264147, 25.660203823176982 ], [ -100.301659566061232, 25.660204167844128 ], [ -100.301705041177243, 25.660211803420228 ], [ -100.301707374697472, 25.660212195825721 ], [ -100.301718024612597, 25.660213984406891 ], [ -100.301713953523304, 25.660234364629929 ], [ -100.301704939781118, 25.660279489812034 ], [ -100.301704780694706, 25.660280285547035 ], [ -100.301692937030651, 25.660339568800108 ], [ -100.30168768014731, 25.660365888065382 ], [ -100.301685458040069, 25.660377009040324 ], [ -100.301681891707418, 25.660394870139857 ], [ -100.301679224951073, 25.660408227087281 ], [ -100.301671786636874, 25.66040676687761 ], [ -100.301644360400203, 25.660401372024776 ], [ -100.301637968439252, 25.660400114442801 ], [ -100.301613998621633, 25.660395401719096 ], [ -100.30157818475756, 25.660388360273636 ], [ -100.30155042709562, 25.660382900381045 ], [ -100.301530129087183, 25.660378908003761 ], [ -100.301503297098847, 25.660373632004042 ], [ -100.301476706582065, 25.660368403089567 ], [ -100.301469046636981, 25.660401584315668 ], [ -100.30146548626989, 25.660417005671881 ], [ -100.30146252894059, 25.660429820318765 ], [ -100.301454282360211, 25.660465542270845 ], [ -100.301446633432235, 25.660498705734124 ], [ -100.301436033282158, 25.6605445944015 ], [ -100.301378462099549, 25.660534057931439 ], [ -100.301361658447618, 25.660530980169415 ], [ -100.301334962920649, 25.660526090981833 ], [ -100.301312693766562, 25.660522012309407 ], [ -100.301258775940212, 25.660515881543201 ], [ -100.301250523572662, 25.66055591928664 ], [ -100.301209603356398, 25.660754452087694 ], [ -100.301206762129738, 25.660768227010305 ], [ -100.301195267209252, 25.660766072854312 ], [ -100.30116468747039, 25.660907307163939 ], [ -100.301161320958499, 25.660922855246074 ], [ -100.30115394457394, 25.660956925126339 ], [ -100.301214463701925, 25.660972426102919 ], [ -100.301374066693654, 25.66100140987249 ], [ -100.301436250518748, 25.661012701666518 ], [ -100.301434205911008, 25.661023583402553 ], [ -100.301426316476991, 25.661065551252314 ], [ -100.301423892419251, 25.661078800051033 ], [ -100.301478010576986, 25.66108850873719 ], [ -100.301481078155078, 25.661089058923277 ], [ -100.301529401861529, 25.66109771502903 ], [ -100.301518257213573, 25.661149155922129 ], [ -100.301514948025257, 25.661164431590837 ], [ -100.30151097002269, 25.661163796924811 ], [ -100.301507041636384, 25.661178722171062 ], [ -100.301503857401002, 25.661190819460522 ], [ -100.301496239244599, 25.661219747188831 ], [ -100.301493706772391, 25.661229373824025 ], [ -100.301452683828956, 25.661221693679277 ], [ -100.301411817255214, 25.661214054948893 ], [ -100.301336634617797, 25.661200055043995 ], [ -100.301312465054153, 25.661313688612328 ], [ -100.301300204638679, 25.661371329110139 ], [ -100.301297112081841, 25.66138588988542 ], [ -100.301290221748928, 25.661418325589871 ], [ -100.301271744993045, 25.661505314861021 ], [ -100.301262294201223, 25.661549808031427 ], [ -100.301260469211826, 25.661558399063022 ], [ -100.301256591754338, 25.661576660084233 ], [ -100.301270868641367, 25.661591239427445 ], [ -100.301328909070818, 25.661650509782955 ], [ -100.301312054533028, 25.661703262625803 ], [ -100.301295330482603, 25.66177565596578 ], [ -100.301287300374995, 25.661810221434685 ], [ -100.301278827446751, 25.661847083877046 ], [ -100.301271090567326, 25.661880589069856 ], [ -100.301262984803103, 25.661915694212134 ], [ -100.301262359288799, 25.661918407636232 ], [ -100.301259053142005, 25.661932716604294 ], [ -100.301276285227573, 25.66193520123802 ], [ -100.301298112231194, 25.661938349296886 ], [ -100.301349791929951, 25.661945800649232 ], [ -100.301426887273877, 25.661957070812775 ], [ -100.301414312375613, 25.662029428237524 ], [ -100.301413197306175, 25.662035845163899 ], [ -100.30140405299025, 25.662082236827739 ], [ -100.301399541307802, 25.662105128096233 ], [ -100.301398083446259, 25.662114242544856 ], [ -100.301392464764149, 25.662148538159098 ], [ -100.301390034413203, 25.662159250446134 ], [ -100.301388657518586, 25.662165323397829 ], [ -100.301388305282103, 25.662166878773487 ], [ -100.30137002257554, 25.662246501232222 ], [ -100.301294060609621, 25.66223236696819 ], [ -100.301266843259128, 25.662227319180548 ], [ -100.301166864073252, 25.66220870586935 ], [ -100.301122799441913, 25.66220049877073 ], [ -100.301112428928946, 25.662198567424461 ], [ -100.301088736645838, 25.662194154569825 ], [ -100.301061965874112, 25.662189168063449 ], [ -100.300966593146114, 25.662171404747863 ], [ -100.30095487808876, 25.662169222565179 ], [ -100.300890696000977, 25.662160950096233 ], [ -100.300827560585319, 25.662446608095355 ], [ -100.301131741244731, 25.662502421918209 ], [ -100.300827398478276, 25.662447343907964 ], [ -100.300679236394075, 25.662419392381846 ], [ -100.300783584202946, 25.662438539275843 ], [ -100.300506553805192, 25.662382867114829 ], [ -100.30040119663613, 25.662361694513841 ], [ -100.300093818317265, 25.662299922422605 ], [ -100.300062596459398, 25.662293647951014 ], [ -100.299897721423918, 25.662260513893216 ], [ -100.299699453793707, 25.662222754808628 ], [ -100.299708235363951, 25.662165067792657 ], [ -100.299712979183383, 25.662141495798146 ], [ -100.299723007134361, 25.662091675546066 ], [ -100.29973187066858, 25.662047651754587 ], [ -100.29973765183486, 25.662018929945294 ], [ -100.29974217376818, 25.661996464689224 ], [ -100.299746674414337, 25.661974106138025 ], [ -100.299751245677456, 25.661951397437186 ], [ -100.299760005989157, 25.661907877701481 ], [ -100.299690508861303, 25.661893838102358 ], [ -100.299668199427117, 25.661889331876466 ], [ -100.299619605690594, 25.661879539080243 ], [ -100.299569839964406, 25.661869504062906 ], [ -100.299573865788389, 25.661849323408919 ], [ -100.299593386477298, 25.661751461513663 ], [ -100.299536426483016, 25.661737636177573 ], [ -100.299502010789766, 25.661729282722515 ], [ -100.299510851766158, 25.66169058224007 ], [ -100.299515384058978, 25.661670649717635 ], [ -100.299432496703062, 25.661656997904306 ], [ -100.299358507810254, 25.661644819063287 ], [ -100.299335493865485, 25.661641021844527 ], [ -100.299308266792039, 25.661636529364529 ], [ -100.299281240855592, 25.661632067739401 ], [ -100.299107708728627, 25.661603498988239 ], [ -100.299034354522561, 25.661597891530555 ], [ -100.29896390395507, 25.661912384934613 ], [ -100.298927974895847, 25.662073096696378 ], [ -100.298895905055886, 25.662227900765082 ], [ -100.298889605678966, 25.662258307855069 ], [ -100.298856023760706, 25.662420410174459 ], [ -100.298790924146232, 25.66240927438049 ], [ -100.298488304550389, 25.66235750967688 ], [ -100.298290314218278, 25.662329412351337 ], [ -100.298363221592126, 25.662024874507274 ], [ -100.298376029247507, 25.661967621154862 ], [ -100.298311721962847, 25.661955073048016 ], [ -100.29822492939374, 25.661938136713935 ], [ -100.297994264683453, 25.66189312652077 ], [ -100.297902313260735, 25.662325964247735 ], [ -100.297893133152627, 25.662369177711508 ], [ -100.297810284813394, 25.662759161217188 ], [ -100.297798069873522, 25.662757503492799 ], [ -100.297558060557733, 25.66272494171848 ], [ -100.297577740401465, 25.662643639927797 ], [ -100.297679968723628, 25.662081417206846 ], [ -100.297687900722167, 25.662037798957702 ], [ -100.297712799087719, 25.661900866231825 ], [ -100.297721574405145, 25.661842077808153 ], [ -100.29727079805798, 25.661757690465315 ], [ -100.297261785975721, 25.661409826528672 ], [ -100.297257853390931, 25.661258050581317 ], [ -100.297248810741252, 25.660908985780537 ], [ -100.297223977651967, 25.660380606645028 ], [ -100.297270700839036, 25.66006050336501 ], [ -100.297282381016601, 25.660010798624722 ], [ -100.297287889494086, 25.659942744556336 ], [ -100.296811865249481, 25.659576632097078 ], [ -100.296254879879413, 25.659115651244623 ], [ -100.295943185564511, 25.658852777453308 ], [ -100.295255163727106, 25.658272513919847 ], [ -100.294826864375764, 25.657921465592288 ], [ -100.29471687699521, 25.657827200631559 ], [ -100.294103068065553, 25.657328210332103 ], [ -100.293931636220705, 25.657180331823316 ], [ -100.293804856587357, 25.657070993927451 ], [ -100.293718958368999, 25.657161095675775 ], [ -100.293644943496233, 25.657240361277875 ], [ -100.293592155202461, 25.657295522487175 ], [ -100.29357413827347, 25.657314316507442 ], [ -100.293563658356945, 25.65732529699369 ], [ -100.293561134395503, 25.657327937291019 ], [ -100.293512576155905, 25.657384948297306 ], [ -100.293510947322773, 25.657386860744221 ], [ -100.293485817940592, 25.657416422875009 ], [ -100.293457170609685, 25.657452125572203 ], [ -100.293424127794381, 25.657490963124523 ], [ -100.293343748557518, 25.657586657349199 ], [ -100.293342805661027, 25.657585749346964 ], [ -100.293259769778473, 25.657665771252628 ], [ -100.293258151579039, 25.657667301430727 ], [ -100.293175652740047, 25.657746751162954 ], [ -100.293295010681533, 25.657851749128515 ], [ -100.293322253709675, 25.657866743253372 ], [ -100.293318411769292, 25.657871044344152 ], [ -100.293291219424674, 25.657900392421038 ], [ -100.293290636819904, 25.657901021689895 ], [ -100.293252250352495, 25.657942380497371 ], [ -100.293216242230059, 25.657981177905562 ], [ -100.293213395586122, 25.657984236949034 ], [ -100.293188466166953, 25.658010728109442 ], [ -100.29312567743689, 25.658077416150871 ], [ -100.293111291004749, 25.658092744831858 ], [ -100.293057576595842, 25.658149651501336 ], [ -100.293047958390417, 25.65815982732525 ], [ -100.292987229873859, 25.658222613251581 ], [ -100.292983551248639, 25.658228041204659 ], [ -100.292938675344217, 25.658274110921223 ], [ -100.292929360040858, 25.65828368028734 ], [ -100.292918275689956, 25.658295031662846 ], [ -100.292917352527397, 25.658295954054836 ], [ -100.292866504826307, 25.658351458591156 ], [ -100.292860931345757, 25.658357517796496 ], [ -100.292855119679743, 25.658363833892533 ], [ -100.292833808919426, 25.658387017185984 ], [ -100.292801195666001, 25.658422575041893 ], [ -100.292784195492899, 25.658441101972819 ], [ -100.292742618190488, 25.658481346678993 ], [ -100.292719110601197, 25.658504106220942 ], [ -100.292681593351688, 25.658544942808916 ], [ -100.292629513889864, 25.658513380236037 ], [ -100.292561047266545, 25.658486868361688 ], [ -100.292478917372605, 25.658436712115829 ], [ -100.292423491456915, 25.658494864803252 ], [ -100.292365019456582, 25.658556210472231 ], [ -100.292329003502516, 25.658593996109879 ], [ -100.292184996702915, 25.658745079728959 ], [ -100.292145019501717, 25.65871067844283 ], [ -100.292082028151569, 25.658657590642139 ], [ -100.292075446070555, 25.658652045855373 ], [ -100.29204865037849, 25.658629461907221 ], [ -100.292019034494956, 25.658604502832628 ], [ -100.291964215758043, 25.6585583309284 ], [ -100.291938927012893, 25.658537039643019 ], [ -100.29188614611391, 25.658492538935828 ], [ -100.291880961099849, 25.658488176464353 ], [ -100.291850566082076, 25.658462592647641 ], [ -100.29181734382054, 25.658434635902211 ], [ -100.291746107149635, 25.658374641189408 ], [ -100.291669293950392, 25.658309895617432 ], [ -100.291647434213559, 25.658291567081477 ], [ -100.291638034786416, 25.658283687798804 ], [ -100.291603161616052, 25.658254437445716 ], [ -100.291596331594349, 25.658248678586535 ], [ -100.291560674911381, 25.65821883995164 ], [ -100.291523134360489, 25.658187360825618 ], [ -100.291521267816506, 25.658185795126268 ], [ -100.291484180553354, 25.658154727336861 ], [ -100.291470985679908, 25.65814362727167 ], [ -100.291452372844049, 25.658128027612001 ], [ -100.291420410853306, 25.658101258590946 ], [ -100.291382843816635, 25.658069726134968 ], [ -100.291378707833957, 25.658066253592395 ], [ -100.291386008671779, 25.658058975371549 ], [ -100.291507494568677, 25.657937862664678 ], [ -100.29151056987142, 25.657934973982293 ], [ -100.291555555850266, 25.657892722226222 ], [ -100.291555632412454, 25.657892647683596 ], [ -100.291546355235724, 25.657884929494124 ], [ -100.291344873153591, 25.657717309670371 ], [ -100.291359606308731, 25.657701913859583 ], [ -100.291061443997037, 25.657541414024863 ], [ -100.290703557098155, 25.657248597720933 ], [ -100.290613692378201, 25.657170844091414 ], [ -100.290472598998079, 25.657048765433796 ], [ -100.289988660409179, 25.656630042757786 ], [ -100.289579162314467, 25.656270785482956 ], [ -100.289348616607498, 25.656081549441822 ], [ -100.289242992319544, 25.655994479877645 ], [ -100.288424727860445, 25.655312678085529 ], [ -100.287335296963377, 25.65438210147682 ], [ -100.287866440641551, 25.653850819344861 ], [ -100.287833483108813, 25.653821570378593 ], [ -100.288788150528077, 25.653691850460294 ], [ -100.289514323495325, 25.653594603100714 ], [ -100.289778796748465, 25.653561684462488 ], [ -100.290493485187852, 25.652996602111717 ], [ -100.292009541679192, 25.651817681115478 ], [ -100.292411115796, 25.651505678983273 ], [ -100.292691917935613, 25.65127748225563 ], [ -100.292909303868782, 25.651096996177298 ], [ -100.292852149127526, 25.651022268942512 ], [ -100.292689830405266, 25.650772990417426 ], [ -100.292670547910589, 25.650743377388245 ], [ -100.292599547674868, 25.650634338572427 ], [ -100.292595568287268, 25.650628113990383 ], [ -100.292519558734085, 25.650509216716983 ], [ -100.292456637097843, 25.65040898137423 ], [ -100.292445949827112, 25.650391960115183 ], [ -100.292440169038471, 25.650382749761718 ], [ -100.29242907564209, 25.650365085507655 ], [ -100.292405412505161, 25.650327398883146 ], [ -100.292400396023993, 25.650319408032654 ], [ -100.29237317532278, 25.650276057774384 ], [ -100.292354527469001, 25.650246357720441 ], [ -100.292322731950421, 25.65019571976185 ], [ -100.292303301253099, 25.650164775737288 ], [ -100.292298237944351, 25.650156712502419 ], [ -100.29222504544903, 25.650040135071343 ], [ -100.292153597317025, 25.649927374589662 ], [ -100.292149613261543, 25.649921095974008 ], [ -100.292134387939441, 25.649897122806689 ], [ -100.292076399492245, 25.649805805398863 ], [ -100.292074234494137, 25.649802396781201 ], [ -100.292071620140419, 25.649798279179617 ], [ -100.292002186227975, 25.649688937127944 ], [ -100.29199432337407, 25.649676554519338 ], [ -100.291928251842521, 25.649572507396204 ], [ -100.291870741703562, 25.649480883777066 ], [ -100.291840191089065, 25.649496342496295 ], [ -100.291516043206727, 25.649667004183808 ], [ -100.291347259107681, 25.649759340661724 ], [ -100.2912123020552, 25.64953780147744 ], [ -100.291180073365524, 25.649488388529477 ], [ -100.290979455097073, 25.649180798597708 ], [ -100.290875116528142, 25.649020824817025 ], [ -100.291055224810023, 25.648922145543196 ], [ -100.291149470673147, 25.648871211700175 ], [ -100.291403608342776, 25.648733864036167 ], [ -100.291371683444865, 25.648683967239513 ], [ -100.291254583088659, 25.648499538886593 ], [ -100.291174481992712, 25.648373383052729 ], [ -100.291173194696057, 25.648371357787894 ], [ -100.291171865317665, 25.64836926331192 ], [ -100.291129824687729, 25.64830305085108 ], [ -100.291116062931778, 25.648310225604956 ], [ -100.291096592026094, 25.648279492104837 ], [ -100.291018042907396, 25.648155508433877 ], [ -100.290945578213993, 25.648041135499483 ], [ -100.290936105933753, 25.648026184979901 ], [ -100.290897785526184, 25.647965703185687 ], [ -100.29088900162013, 25.647951832610836 ], [ -100.290877485687091, 25.647933657039211 ], [ -100.290869838451712, 25.6479215887903 ], [ -100.290886360776426, 25.647913197104593 ], [ -100.290808191006818, 25.647790618205651 ], [ -100.290794187756831, 25.647798011841935 ], [ -100.29064704013922, 25.64756892987004 ], [ -100.290591584063094, 25.647490480497151 ], [ -100.290321978359202, 25.647694507496752 ], [ -100.290286508148952, 25.647721314501116 ], [ -100.290158173493765, 25.647818304267275 ], [ -100.290127371738862, 25.647841582792658 ], [ -100.290125643282849, 25.647843011140271 ], [ -100.290117688156357, 25.647849583717328 ], [ -100.290112669072045, 25.647841930547493 ], [ -100.290023536586673, 25.647706017954508 ], [ -100.290010305684717, 25.647685842757191 ], [ -100.289979201260095, 25.647638413398624 ], [ -100.289953595017394, 25.647599367882727 ], [ -100.289883693207912, 25.647492778975487 ], [ -100.289853866458571, 25.647447297336317 ], [ -100.289783532554495, 25.647340047937909 ], [ -100.289750906391035, 25.647290297713255 ], [ -100.289683956327295, 25.647188208748272 ], [ -100.289654895800297, 25.647143895716901 ], [ -100.289591481431884, 25.647047198154262 ], [ -100.289569275886947, 25.647013337526527 ], [ -100.289506474022815, 25.64691757335105 ], [ -100.289484858685881, 25.646884613149616 ], [ -100.289416725169502, 25.64678071783489 ], [ -100.289414086392654, 25.646776565603421 ], [ -100.289353548398523, 25.646681310729278 ], [ -100.289318406453575, 25.646626015408152 ], [ -100.289174844660025, 25.646400123441492 ], [ -100.289037589257475, 25.646184152815973 ], [ -100.288945335900621, 25.64603899209235 ], [ -100.288874651575412, 25.645927770467889 ], [ -100.28885532518369, 25.645897920133702 ], [ -100.28855199184332, 25.645428138716174 ], [ -100.288421343095962, 25.64522520791305 ], [ -100.288173308306042, 25.644839941722715 ], [ -100.288069296427892, 25.64467838159301 ], [ -100.28778746650049, 25.644207416824809 ], [ -100.287487579820194, 25.643706272807744 ], [ -100.287310144865017, 25.643399014317126 ], [ -100.28716234349335, 25.643143070644122 ], [ -100.286890212756475, 25.642671825120274 ], [ -100.286846406146893, 25.642595964889427 ], [ -100.286792792504087, 25.642516076003204 ], [ -100.286766483488336, 25.642476873848516 ], [ -100.286625906161149, 25.642267400572507 ], [ -100.286525643517408, 25.64211799981511 ], [ -100.286205361239297, 25.641557456687622 ], [ -100.286134255130406, 25.641448696737775 ], [ -100.286050243175154, 25.641320195576792 ], [ -100.286008028955223, 25.641255626725421 ], [ -100.285918197949698, 25.641105466694889 ], [ -100.285837942970247, 25.640993037124115 ], [ -100.285720219808738, 25.640823459860503 ], [ -100.28544784055687, 25.640431101700187 ], [ -100.285248927523469, 25.640144568201503 ], [ -100.28521399392578, 25.640094246719631 ], [ -100.285081511333303, 25.639852297631244 ], [ -100.284699448493001, 25.639154541502801 ], [ -100.286470620642774, 25.638202154330948 ], [ -100.286697638667547, 25.638080080325636 ], [ -100.286904566575814, 25.637968809454076 ], [ -100.287350632385028, 25.637706704731972 ], [ -100.288840696696937, 25.636900843941504 ], [ -100.289301896123604, 25.636642691426655 ], [ -100.289389516790834, 25.636593646357259 ], [ -100.289714643183444, 25.636518715312178 ], [ -100.28991665117951, 25.636520141922084 ], [ -100.289948095319602, 25.636522333899695 ], [ -100.290083475986123, 25.636562097132444 ], [ -100.290190867552099, 25.636593639712228 ], [ -100.290391657511179, 25.636754885870072 ], [ -100.290544716003282, 25.636863342547638 ], [ -100.290895115316331, 25.637163128539918 ], [ -100.290984315878831, 25.637243645615115 ], [ -100.291044414231294, 25.637297893631434 ], [ -100.291171686943642, 25.637412776337097 ], [ -100.291185344337322, 25.637425104064338 ], [ -100.291293614146127, 25.637498498305082 ], [ -100.291527463204432, 25.637657020447332 ], [ -100.291673780235783, 25.637770485527497 ], [ -100.291884018318626, 25.637976832278987 ], [ -100.29221495265584, 25.638338913167033 ], [ -100.292554289486318, 25.638682493205252 ], [ -100.292671919589793, 25.638816666431534 ], [ -100.292713060308898, 25.63880539912909 ], [ -100.292832622630627, 25.638772654730158 ], [ -100.293140166094062, 25.638747744635019 ], [ -100.294239294738574, 25.638303582196521 ], [ -100.2943324602968, 25.638265933115605 ], [ -100.293984898698326, 25.638599098806324 ], [ -100.293987140142818, 25.638605450636156 ], [ -100.293987627437474, 25.638606833702635 ], [ -100.293981073161305, 25.638615817702053 ], [ -100.293980109642149, 25.638617145109507 ], [ -100.293946876256797, 25.638662809989768 ], [ -100.293919978465183, 25.638699582726751 ], [ -100.29376930159907, 25.638905659419553 ], [ -100.293749723461588, 25.638932589228961 ], [ -100.293746390814064, 25.638937191978165 ], [ -100.293725411413092, 25.638966253811279 ], [ -100.293720877877362, 25.638971199056197 ], [ -100.2936413053379, 25.639079049312496 ], [ -100.293598961990796, 25.639140073159574 ], [ -100.293597179975094, 25.639143912812784 ], [ -100.293569394287218, 25.639180996308482 ], [ -100.293546855697443, 25.639211077138256 ], [ -100.293535888230025, 25.639225715577641 ], [ -100.293490938323885, 25.639285253594153 ], [ -100.293434416055121, 25.639363139359265 ], [ -100.293515716274101, 25.639443373603438 ], [ -100.293710207464756, 25.639646805468882 ], [ -100.293715072375718, 25.639642525823376 ], [ -100.293761002940229, 25.639687260310989 ], [ -100.293782311738667, 25.639708021467758 ], [ -100.293813142067904, 25.639738255803607 ], [ -100.293848609891285, 25.639772964468357 ], [ -100.293874169795288, 25.63979785010044 ], [ -100.293910781273453, 25.639833530811593 ], [ -100.293914826740149, 25.63983758914388 ], [ -100.293926784846974, 25.639849164627147 ], [ -100.293932911920024, 25.639855098787638 ], [ -100.293991992563008, 25.639910331887275 ], [ -100.293995859097734, 25.639913950216279 ], [ -100.294020026487303, 25.639966634367045 ], [ -100.294045287202593, 25.640021702490174 ], [ -100.294039416269015, 25.640068874163326 ], [ -100.294027723116258, 25.64016811948628 ], [ -100.294029372421704, 25.64016955059915 ], [ -100.2941154112996, 25.640188644089601 ], [ -100.294125781552111, 25.640190738183772 ], [ -100.294136153820361, 25.640192800143971 ], [ -100.294146526435256, 25.640194894215707 ], [ -100.294156977063196, 25.640196775634053 ], [ -100.294167346970696, 25.640198837612939 ], [ -100.294177871257915, 25.640200540672055 ], [ -100.294188237725947, 25.640202283667353 ], [ -100.294198842335149, 25.640203988154209 ], [ -100.294199317339533, 25.640200288537887 ], [ -100.294274375161223, 25.640214360054454 ], [ -100.294284408324316, 25.640216241951613 ], [ -100.294355100911673, 25.640222120945872 ], [ -100.294440116187204, 25.640229191296353 ], [ -100.294476724901671, 25.640232236256182 ], [ -100.294504485996299, 25.640233221282138 ], [ -100.294521477210893, 25.640233822175862 ], [ -100.294540239228525, 25.640234362409856 ], [ -100.294544532945949, 25.640234335055752 ], [ -100.294642309774304, 25.6402368586451 ], [ -100.294648260572473, 25.640237011966924 ], [ -100.294648889025979, 25.640237028341396 ], [ -100.294654308542263, 25.640238673848724 ], [ -100.294695596825562, 25.640249706108449 ], [ -100.294761521530575, 25.640267320906613 ], [ -100.294765371176879, 25.640268166738398 ], [ -100.294772344838805, 25.640269154014927 ], [ -100.294887650381909, 25.640285478297667 ], [ -100.294929466340278, 25.640291397865049 ], [ -100.294995832314129, 25.640294031114376 ], [ -100.294996879972842, 25.640294043770222 ], [ -100.295005207315882, 25.64029418189223 ], [ -100.295036508121044, 25.640295525095596 ], [ -100.295043370047566, 25.640295897805665 ], [ -100.295044916681462, 25.640295966520462 ], [ -100.295100211443199, 25.640298527147909 ], [ -100.29515281748661, 25.640313102398913 ], [ -100.295153277671332, 25.640313229990856 ], [ -100.295200488977898, 25.640329111987093 ], [ -100.295202483196391, 25.640329782105127 ], [ -100.29523605234273, 25.640341052877559 ], [ -100.295590731712807, 25.64046096915213 ], [ -100.295622753790198, 25.640471796449141 ], [ -100.295670843267999, 25.640515132328886 ], [ -100.295682480410861, 25.640525616445025 ], [ -100.295690984339416, 25.640519904221492 ], [ -100.295720558763747, 25.640500041844085 ], [ -100.295776883672872, 25.640462212310759 ], [ -100.295792799978258, 25.640451524414768 ], [ -100.296662767486666, 25.640275728985543 ], [ -100.29669206217045, 25.640268142311985 ], [ -100.296788509778168, 25.640244650530217 ], [ -100.296813354016862, 25.640238599388987 ], [ -100.296862164383725, 25.640226710964907 ], [ -100.296902169656974, 25.640293304417153 ], [ -100.296904651236432, 25.640297435428447 ], [ -100.296976492783301, 25.640443264780544 ], [ -100.296987162291188, 25.640460584567389 ], [ -100.297041062771598, 25.640564192209812 ], [ -100.297207160687705, 25.640875261232846 ], [ -100.297345180700745, 25.641131183729208 ], [ -100.297359253100879, 25.641157276601238 ], [ -100.297414364764876, 25.641259466131384 ], [ -100.297460920428406, 25.641322290818461 ], [ -100.297550302257235, 25.641442906550466 ], [ -100.297615188664466, 25.64162165557584 ], [ -100.297533873910908, 25.641682011935597 ], [ -100.297396774512407, 25.641717726110389 ], [ -100.297395349505763, 25.641718040118715 ], [ -100.297406892243771, 25.64178738000534 ], [ -100.29742870421336, 25.641937541609821 ], [ -100.297357316838458, 25.641953741569044 ], [ -100.29685710747026, 25.642067252862851 ], [ -100.296763268873136, 25.642088546817771 ], [ -100.296812305381266, 25.642316611939091 ], [ -100.29683818785864, 25.642430025394713 ], [ -100.296944069124564, 25.642894008491002 ], [ -100.296979769217117, 25.643049022008825 ], [ -100.29709542169789, 25.643549781712128 ], [ -100.297106399810389, 25.643597148502391 ], [ -100.297179861522508, 25.644063735306375 ], [ -100.297189973874751, 25.644127963358084 ], [ -100.297203367421673, 25.64421303186375 ], [ -100.297233805456159, 25.644291775856232 ], [ -100.297243622474269, 25.644336821370519 ], [ -100.297252197403964, 25.644381897186999 ], [ -100.297260128967935, 25.644424704953622 ], [ -100.297262788022749, 25.644441745268747 ], [ -100.297346404808749, 25.644449221805282 ], [ -100.297460150318201, 25.64446013028811 ], [ -100.297477139119025, 25.644461762812579 ], [ -100.297481759303821, 25.644462205632507 ], [ -100.297487126673275, 25.644462721031189 ], [ -100.297578659126799, 25.644471390303934 ], [ -100.297622828261254, 25.64447569093754 ], [ -100.297684368235963, 25.644481567137404 ], [ -100.297744739125463, 25.644487235316575 ], [ -100.29778556016575, 25.644491214527424 ], [ -100.297884335641413, 25.644500632824531 ], [ -100.297897580954455, 25.644501857521078 ], [ -100.297975557194192, 25.644509379545511 ], [ -100.298037178632583, 25.644515359781447 ], [ -100.298057974341091, 25.644517146808223 ], [ -100.298081775972818, 25.644519502315401 ], [ -100.298176696080205, 25.644528648518509 ], [ -100.298277810110861, 25.644538294116266 ], [ -100.298293620275118, 25.64453970793458 ], [ -100.298331466877485, 25.644543406199965 ], [ -100.298370891956594, 25.644547163750829 ], [ -100.298378377837722, 25.644547875988124 ], [ -100.298434271675973, 25.644553227206792 ], [ -100.298478477918124, 25.644557459807473 ], [ -100.298534099011277, 25.64456292581643 ], [ -100.298575385806217, 25.644566722958412 ], [ -100.298673538630936, 25.644576216908199 ], [ -100.298783145437909, 25.644586630186144 ], [ -100.2987892198053, 25.644587214184238 ], [ -100.298876933979116, 25.644595535495412 ], [ -100.298952139322111, 25.644602862186009 ], [ -100.298968781410693, 25.644604483703027 ], [ -100.298975946492675, 25.644605235695661 ], [ -100.299051119171182, 25.64461232604274 ], [ -100.299074880381824, 25.644614653913081 ], [ -100.299126785846312, 25.644619664596377 ], [ -100.299138055554096, 25.644620581320314 ], [ -100.299211048283951, 25.644627688837311 ], [ -100.299332096319674, 25.64463936373658 ], [ -100.299338299453566, 25.644585750931487 ], [ -100.299346712805672, 25.644515067377725 ], [ -100.299349365208457, 25.644492370376835 ], [ -100.299352044084898, 25.644469446192222 ], [ -100.299364140408997, 25.644365938005894 ], [ -100.299368932731412, 25.644324914102537 ], [ -100.299370075778725, 25.644315519841598 ], [ -100.299376271415227, 25.644262525855105 ], [ -100.299378839475139, 25.644241201997527 ], [ -100.299386809790377, 25.64417214313394 ], [ -100.299388820216421, 25.644156253864391 ], [ -100.299391243824672, 25.644135986814597 ], [ -100.299395223533722, 25.64410128186714 ], [ -100.299395351310068, 25.644100212361238 ], [ -100.299403632003063, 25.644029716250909 ], [ -100.29940376420933, 25.644027529093158 ], [ -100.299412392278015, 25.643954867460785 ], [ -100.299413692448169, 25.643943842484955 ], [ -100.299418461088536, 25.643903469659545 ], [ -100.299420944346934, 25.643882386349485 ], [ -100.299422790865648, 25.643865757744749 ], [ -100.299429130451756, 25.643811882514189 ], [ -100.299430181465269, 25.643802660352975 ], [ -100.299430863426167, 25.643796656217191 ], [ -100.29943486084089, 25.64376227922158 ], [ -100.299437671047855, 25.64373812545535 ], [ -100.299438962382368, 25.643728029760425 ], [ -100.299447578592208, 25.643654276309757 ], [ -100.299450639522561, 25.643627865282706 ], [ -100.299456486612087, 25.643578897368343 ], [ -100.299463147416901, 25.64352224237388 ], [ -100.299465965805695, 25.643498081575562 ], [ -100.299456976322745, 25.643417795703446 ], [ -100.299555626193722, 25.643404350593233 ], [ -100.299821956574405, 25.643363617466427 ], [ -100.299817960769943, 25.643536366964867 ], [ -100.299887188535635, 25.64354092346375 ], [ -100.300103306585882, 25.643535192825528 ], [ -100.30010287263147, 25.643538087065558 ], [ -100.300126601841626, 25.643537698101625 ], [ -100.300226323677904, 25.643536314062523 ], [ -100.300318617003867, 25.643535038921748 ], [ -100.300333855637618, 25.6435348357892 ], [ -100.300391151964888, 25.643534072947013 ], [ -100.300483347631683, 25.643532723100851 ], [ -100.300576899881534, 25.643531446755446 ], [ -100.300603057617934, 25.643531093892989 ], [ -100.30063336003947, 25.643530682701165 ], [ -100.300686787628436, 25.643529941353666 ], [ -100.300742588684912, 25.643529168140539 ], [ -100.300782902023656, 25.643528607799379 ], [ -100.300937271906633, 25.643526530414377 ], [ -100.301090714127625, 25.643525163385618 ], [ -100.301244842113334, 25.643522344897125 ], [ -100.30130609189402, 25.643513258583329 ], [ -100.301234370551967, 25.643186424519534 ], [ -100.301225759593578, 25.643187486116084 ], [ -100.301269058441079, 25.643175715428203 ], [ -100.301404655437892, 25.64313385449552 ], [ -100.301470345132572, 25.643098597413644 ], [ -100.30170833339271, 25.6429708583793 ], [ -100.301733183281868, 25.642957518849489 ], [ -100.301756613959128, 25.643067655965989 ], [ -100.302280334862076, 25.642982400749748 ], [ -100.302854913479962, 25.642883454179692 ], [ -100.302859905183837, 25.643223311297717 ], [ -100.302879193029582, 25.643337056377053 ], [ -100.302902548135279, 25.643484503328182 ], [ -100.302939194088893, 25.643647373337572 ], [ -100.303019176906162, 25.643844426596015 ], [ -100.303032847273741, 25.643878105938494 ], [ -100.303078522181451, 25.643958860084783 ], [ -100.303156354505248, 25.644097980434548 ], [ -100.303262679277665, 25.644301398139127 ], [ -100.303272356270554, 25.644321820584175 ], [ -100.303540591251476, 25.644724131722775 ], [ -100.303478056041953, 25.644751528131831 ], [ -100.302432516042771, 25.645088304456777 ], [ -100.302379065418052, 25.645106350377056 ], [ -100.302410043557828, 25.645155748379647 ], [ -100.302445989644042, 25.645214608183885 ], [ -100.302557771790006, 25.645391318818657 ], [ -100.302638800516249, 25.645434731487054 ], [ -100.302646628983169, 25.645438926023807 ], [ -100.302682723556288, 25.645497030263407 ], [ -100.302691053589328, 25.645510435798805 ], [ -100.302726428549505, 25.645572961224044 ], [ -100.302735406459789, 25.645588821005937 ], [ -100.302750414751316, 25.645615347062964 ], [ -100.30277808523455, 25.645689442755259 ], [ -100.302808109721795, 25.645767797332596 ], [ -100.302819005904468, 25.645795916588529 ], [ -100.302839106280103, 25.645847787530336 ], [ -100.302854955235944, 25.645888697458407 ], [ -100.302820530284322, 25.645920141957344 ], [ -100.302905570831967, 25.646152942514366 ], [ -100.303183439705521, 25.646913604949006 ], [ -100.303382062831886, 25.647413996963433 ], [ -100.303562048551612, 25.647717673009993 ], [ -100.303616819723175, 25.647810083273395 ], [ -100.30374499484688, 25.648026341973779 ], [ -100.30375650607958, 25.648076835157049 ], [ -100.30377295564017, 25.648148986657251 ], [ -100.30373709590215, 25.648419286880635 ], [ -100.30372763857865, 25.648490568683449 ], [ -100.303696696998827, 25.64872379609945 ], [ -100.303679326772212, 25.648862799313036 ], [ -100.303675124487484, 25.648896425097536 ], [ -100.303667442524031, 25.648957899104701 ], [ -100.303591498278038, 25.648951372641339 ], [ -100.303571906375851, 25.648949364256779 ], [ -100.303561002555099, 25.648948247648882 ], [ -100.303494621897755, 25.648941448412977 ], [ -100.303466732134552, 25.648938591314359 ], [ -100.303410850916791, 25.648932865697986 ], [ -100.303399724808415, 25.648931725905321 ], [ -100.303382199701005, 25.648929929739797 ], [ -100.303380903414975, 25.648939216194528 ], [ -100.303374953316393, 25.648981939766479 ], [ -100.303372453125917, 25.648999884533264 ], [ -100.303367236302407, 25.648999331617048 ], [ -100.303358160721587, 25.649082997911851 ], [ -100.303357179454181, 25.649092037478393 ], [ -100.303353510093615, 25.649125859753962 ], [ -100.303351848662601, 25.649141324159103 ], [ -100.303343059821643, 25.649223011734364 ], [ -100.303340852206418, 25.64924353595443 ], [ -100.303327481318846, 25.649326897489733 ], [ -100.30331516923728, 25.649378681356627 ], [ -100.303307677306734, 25.649440652507959 ], [ -100.303299336723242, 25.649509684276968 ], [ -100.303297782355941, 25.649522557095654 ], [ -100.303296878173455, 25.649530050159655 ], [ -100.303294252582347, 25.649551836491892 ], [ -100.303285495035055, 25.649624289043508 ], [ -100.303280380387349, 25.6496666235163 ], [ -100.303270231841722, 25.64975062695466 ], [ -100.303267616194688, 25.649772187855351 ], [ -100.303261646574228, 25.64982165419023 ], [ -100.303256353765704, 25.649865473976138 ], [ -100.303247416029464, 25.64994488001199 ], [ -100.303518089094183, 25.649974408235369 ], [ -100.303529009175065, 25.64997559963394 ], [ -100.303539856534627, 25.649976783116873 ], [ -100.303508571799497, 25.650113443005797 ], [ -100.30358326307902, 25.650130456667615 ], [ -100.303925327718858, 25.650180931345755 ], [ -100.303972135843225, 25.650187838260198 ], [ -100.30422326210379, 25.65022489411275 ], [ -100.304395110872477, 25.65025025115855 ], [ -100.304594951046681, 25.65027973840861 ], [ -100.304837959531127, 25.65031559503316 ], [ -100.305047946797984, 25.650346579069346 ], [ -100.305164027822883, 25.650363706350593 ], [ -100.305469264871604, 25.650408744031406 ], [ -100.305652459360715, 25.650435773570258 ], [ -100.306051086256957, 25.65049458887615 ], [ -100.306094361654857, 25.650500973786446 ], [ -100.306301796633804, 25.650531578995185 ], [ -100.306365189257491, 25.650551306480072 ], [ -100.306378732590517, 25.650589370292202 ], [ -100.306415037419981, 25.650691403596074 ], [ -100.306460896774993, 25.650820290704299 ], [ -100.306608028829601, 25.650846201339036 ], [ -100.306610394810448, 25.650835657080609 ], [ -100.306618137148519, 25.650801162425253 ], [ -100.306624290688561, 25.650802260826744 ], [ -100.306714735780886, 25.650818393756314 ], [ -100.30671716380931, 25.650807095304113 ], [ -100.306731151867638, 25.650741996754761 ], [ -100.306837987810511, 25.650763764182479 ], [ -100.306917889892958, 25.650780044344117 ], [ -100.306994292975034, 25.650795611246298 ], [ -100.307032440663917, 25.650803383656289 ], [ -100.307056706159287, 25.650808782841452 ], [ -100.307071782514953, 25.650811814967636 ], [ -100.307110701452359, 25.650819641471216 ], [ -100.307152553513077, 25.650828057245675 ], [ -100.307229385323311, 25.650843510457463 ], [ -100.30721400204834, 25.650917329041171 ], [ -100.30724845266468, 25.650924201012252 ], [ -100.307281121906428, 25.650930718529871 ], [ -100.307307974121258, 25.650936075777032 ], [ -100.307313326569584, 25.650937143319066 ], [ -100.307324419707399, 25.650939356284677 ], [ -100.307297459961717, 25.651020089632205 ], [ -100.307439639477806, 25.651045882648525 ], [ -100.307464794120349, 25.651050444693794 ], [ -100.307518575088778, 25.651047750865125 ], [ -100.307574348023465, 25.651044956747832 ], [ -100.307787361879619, 25.651049131482011 ], [ -100.307788358935653, 25.651049152525214 ], [ -100.307790546723993, 25.651086022590789 ], [ -100.307793912197184, 25.651142892018992 ], [ -100.307796021491129, 25.651178628585182 ], [ -100.30780180367374, 25.651276301208856 ], [ -100.307807018605857, 25.651364301531405 ], [ -100.307811632418165, 25.651442231628209 ], [ -100.307817368092003, 25.651539101783762 ], [ -100.307822651422313, 25.651628335248304 ], [ -100.307826069596516, 25.651686080408449 ], [ -100.307827918314857, 25.651718605644316 ], [ -100.307828738776081, 25.651733084390667 ], [ -100.307831186652024, 25.651776148214214 ], [ -100.307833103922775, 25.651809869126627 ], [ -100.307836026549452, 25.651861377135067 ], [ -100.307838735277031, 25.651909082478625 ], [ -100.307840922405148, 25.651947566868284 ], [ -100.307843523491172, 25.651993361250543 ], [ -100.307845790854344, 25.652033300274578 ], [ -100.307849904857676, 25.652105680515774 ], [ -100.307850353589316, 25.652113580046112 ], [ -100.307851255832958, 25.652129492537647 ], [ -100.307851649148205, 25.652136425896956 ], [ -100.307853566124919, 25.652170172501961 ], [ -100.307856175921202, 25.652216114534266 ], [ -100.307856558115603, 25.652222840314796 ], [ -100.307858757298902, 25.652261562246739 ], [ -100.307860974444523, 25.652300577336295 ], [ -100.307861635796854, 25.652312269907387 ], [ -100.307863814886389, 25.652350610918393 ], [ -100.307866818485294, 25.652403475598724 ], [ -100.307871196627275, 25.652480579219919 ], [ -100.307867077653114, 25.652527863459515 ], [ -100.307862528018219, 25.652580061970159 ], [ -100.307869264009753, 25.652669656547229 ], [ -100.307871341508275, 25.65269727199108 ], [ -100.307876388517514, 25.652764334689 ], [ -100.307878261844394, 25.652789256426029 ], [ -100.307883162202629, 25.652854350704544 ], [ -100.307884510819676, 25.652872312426627 ], [ -100.307884921791086, 25.652877723366664 ], [ -100.307888370268415, 25.652923617200781 ], [ -100.30789198643086, 25.652971674096317 ], [ -100.307893326891588, 25.652989537404437 ], [ -100.307893403531878, 25.652990500173662 ], [ -100.30789875523692, 25.653060373428794 ], [ -100.307903831159564, 25.65312661799576 ], [ -100.307905524717825, 25.653148700217375 ], [ -100.307905833451201, 25.653152750388841 ], [ -100.307905909595192, 25.653152747030429 ], [ -100.307909705848004, 25.653202911743172 ], [ -100.307915181573165, 25.653274786801632 ], [ -100.307917123445065, 25.653300143618054 ], [ -100.307919172411289, 25.653326872934596 ], [ -100.307919391994318, 25.65333119581322 ], [ -100.307922770119163, 25.65339727788275 ], [ -100.307924059638495, 25.653422598793167 ], [ -100.307927222416694, 25.653484529226215 ], [ -100.307926416874594, 25.653484580333757 ], [ -100.307932838085478, 25.653597879260492 ], [ -100.30793456380988, 25.653628324522742 ], [ -100.307938401338276, 25.653703497494895 ], [ -100.307940562489989, 25.65374581879956 ], [ -100.307936065111122, 25.653808656063624 ], [ -100.307935692024344, 25.653813867419398 ], [ -100.307936987030914, 25.653814023351597 ], [ -100.307934017671087, 25.653870657793238 ], [ -100.307897823037734, 25.654086851262193 ], [ -100.307888978658738, 25.654139678089482 ], [ -100.307840521910734, 25.654429111425859 ], [ -100.308430689091495, 25.654489817742707 ], [ -100.30849782109496, 25.654496330631829 ], [ -100.308477303815394, 25.654590378642339 ], [ -100.308470224687326, 25.654653638347391 ], [ -100.308206271130402, 25.654629458031376 ], [ -100.308197918627201, 25.654628781918866 ], [ -100.308183541164937, 25.654679850790181 ], [ -100.30817501941749, 25.654751201451536 ], [ -100.30817074484581, 25.654787028916502 ], [ -100.308132767446097, 25.654781185445163 ], [ -100.30811521264458, 25.654778482889459 ], [ -100.308114433590575, 25.654783940887473 ], [ -100.308107345129883, 25.654833585966006 ], [ -100.308099411863296, 25.654889158512816 ], [ -100.308048707343303, 25.654882392810777 ], [ -100.307921147061393, 25.654865371894751 ], [ -100.307912338794765, 25.654913931893631 ], [ -100.307846528096789, 25.654903073495248 ], [ -100.307788948034599, 25.654893573136349 ], [ -100.307753109143817, 25.654885195790108 ], [ -100.307722383334678, 25.65487801388468 ], [ -100.307721845256978, 25.654882501449553 ], [ -100.307600811569102, 25.65486253142068 ], [ -100.307600758298705, 25.654862953677288 ], [ -100.307557468880944, 25.654855650898348 ], [ -100.307484133420985, 25.654843279664195 ], [ -100.307516002479304, 25.654658494613383 ], [ -100.30753485087611, 25.65457510303138 ], [ -100.307477646524234, 25.654570472123549 ], [ -100.307352851290503, 25.654548870928803 ], [ -100.307357121566, 25.654612738171011 ], [ -100.307349255855627, 25.654644743956545 ], [ -100.307318640225617, 25.654769336028203 ], [ -100.3073070385704, 25.654767313895775 ], [ -100.307277091868968, 25.654762092508538 ], [ -100.30726600672304, 25.654760157811115 ], [ -100.307235606243722, 25.65475486072598 ], [ -100.307198278346277, 25.654748352832261 ], [ -100.30717978023705, 25.654832480424908 ], [ -100.307174682813724, 25.654831691072854 ], [ -100.307105819408733, 25.654821028811067 ], [ -100.307057250468333, 25.654813509808463 ], [ -100.306951553972667, 25.654797143871534 ], [ -100.30693074603235, 25.654793918985646 ], [ -100.306925753328329, 25.654793146885922 ], [ -100.306890541099506, 25.654787695832056 ], [ -100.306889010751561, 25.654787459033432 ], [ -100.306884100863542, 25.654786699572217 ], [ -100.306857274503272, 25.654782546898645 ], [ -100.306856046436494, 25.654782356636975 ], [ -100.30681861047799, 25.654776553471152 ], [ -100.306825891209002, 25.654746237924037 ], [ -100.306787534407306, 25.654739822099149 ], [ -100.306788577289169, 25.654734507333632 ], [ -100.30679497181039, 25.654701880468235 ], [ -100.306796362578282, 25.654694781801005 ], [ -100.306799365212143, 25.654679467554775 ], [ -100.306805450317512, 25.654648416032668 ], [ -100.306805551598842, 25.654647901282921 ], [ -100.306808353872555, 25.654633602064443 ], [ -100.306817126783955, 25.654588857184073 ], [ -100.306829374756518, 25.654526358960151 ], [ -100.306832541009456, 25.654458805206264 ], [ -100.30671407803591, 25.654438299709007 ], [ -100.306669529437784, 25.654430588292087 ], [ -100.306574572951348, 25.654414151097143 ], [ -100.306405455765528, 25.65438420024708 ], [ -100.306373796524881, 25.654378593625626 ], [ -100.306359115926639, 25.654433076758625 ], [ -100.306355438288477, 25.65443245665853 ], [ -100.306346217346274, 25.654490029660501 ], [ -100.306343372870245, 25.654507778422012 ], [ -100.306341809049101, 25.654517534026137 ], [ -100.306340570799406, 25.654525299856573 ], [ -100.306339960119715, 25.654529090632643 ], [ -100.306336452052278, 25.654550977487684 ], [ -100.306323321756338, 25.654548437983237 ], [ -100.30631143362487, 25.654546136255362 ], [ -100.306280959931044, 25.65454023585762 ], [ -100.306271043691567, 25.654538316316348 ], [ -100.306259572186988, 25.654536094891053 ], [ -100.306227285806784, 25.654529843517608 ], [ -100.306202794662639, 25.654525102458155 ], [ -100.306138981781004, 25.654512745962393 ], [ -100.306109635522873, 25.654507067205948 ], [ -100.306064121199839, 25.654498255198916 ], [ -100.306049577644927, 25.654565553185037 ], [ -100.306039077609896, 25.654614143217039 ], [ -100.306038990029762, 25.654614126872449 ], [ -100.305984381153067, 25.654603799007663 ], [ -100.305969556051721, 25.654600996301138 ], [ -100.305959938564115, 25.654599178975815 ], [ -100.305945442456348, 25.654596435413101 ], [ -100.305911247400772, 25.654589967138296 ], [ -100.305895501398226, 25.654586763728357 ], [ -100.305851691434199, 25.654577846487047 ], [ -100.305870973249071, 25.654476772323534 ], [ -100.305872337522942, 25.654469621980748 ], [ -100.305855109849361, 25.654467016316271 ], [ -100.305856279027239, 25.654460009025627 ], [ -100.30585892394987, 25.654444156853387 ], [ -100.305875473586866, 25.654351465644691 ], [ -100.305885863788376, 25.654293272552163 ], [ -100.305803358168674, 25.654278845217831 ], [ -100.305651373994422, 25.654252268623985 ], [ -100.305650580145397, 25.654255618381519 ], [ -100.305619047863956, 25.654246099361746 ], [ -100.305430856867332, 25.654210182873054 ], [ -100.30542229566106, 25.654266339003591 ], [ -100.305408415805587, 25.654321724824928 ], [ -100.305404343112826, 25.654337979422372 ], [ -100.305397800614998, 25.654364098344971 ], [ -100.305392191909476, 25.654363156136906 ], [ -100.305391339946169, 25.654363012278221 ], [ -100.305242874384376, 25.654338020797738 ], [ -100.305230928555275, 25.654388148110623 ], [ -100.305221604642057, 25.654434139093222 ], [ -100.305218628565655, 25.654448818800507 ], [ -100.30521241122527, 25.654479478040219 ], [ -100.305205799397712, 25.654512091270263 ], [ -100.305199912123712, 25.654541118246829 ], [ -100.305197497571811, 25.654553022461318 ], [ -100.305184624771684, 25.65461652012559 ], [ -100.305143398887822, 25.654609101828491 ], [ -100.305092234556923, 25.654599892557147 ], [ -100.305062454819932, 25.654594536475564 ], [ -100.305062251269447, 25.654594499756953 ], [ -100.305031885117131, 25.654589035437596 ], [ -100.304994199464716, 25.65458225344668 ], [ -100.30498507051125, 25.654580610999464 ], [ -100.304980077041634, 25.654579712519507 ], [ -100.304945754694558, 25.654573535797191 ], [ -100.304943702633125, 25.654573166616522 ], [ -100.304938379581458, 25.654572208991762 ], [ -100.30489063067607, 25.654563616775953 ], [ -100.304903246417766, 25.654498352952761 ], [ -100.304909679862476, 25.654465077614041 ], [ -100.30493093282378, 25.654366525173707 ], [ -100.304940467079433, 25.654324767251822 ], [ -100.304950770239955, 25.654279645346143 ], [ -100.304893548715526, 25.654269509559025 ], [ -100.304862205531776, 25.654263959194562 ], [ -100.304858936999665, 25.654263378755257 ], [ -100.304817035610284, 25.654255955693994 ], [ -100.304793592694395, 25.654251801833318 ], [ -100.304783046343346, 25.654249933317651 ], [ -100.304739701212057, 25.65424225283439 ], [ -100.304657941047893, 25.654227773758606 ], [ -100.304600855894449, 25.65421844379885 ], [ -100.304615746507267, 25.654152793551567 ], [ -100.304628039479752, 25.654066805469991 ], [ -100.304528068615554, 25.65404798596655 ], [ -100.304245374157716, 25.653994769400995 ], [ -100.304235528981877, 25.654048685138356 ], [ -100.304227618348122, 25.65408847270059 ], [ -100.304208170929527, 25.654186280982934 ], [ -100.304198441630689, 25.654235215147171 ], [ -100.304197727176728, 25.65423880987013 ], [ -100.304188490571079, 25.654285262478311 ], [ -100.304180411991595, 25.654325900450296 ], [ -100.304178102826157, 25.654337512531718 ], [ -100.304163141486384, 25.654412757258473 ], [ -100.304160102399038, 25.654428062687188 ], [ -100.304152403426983, 25.654426658446567 ], [ -100.30408962762786, 25.654415210277008 ], [ -100.304090212901627, 25.654412552331827 ], [ -100.304054532111152, 25.654406134891957 ], [ -100.304010457895686, 25.654398207530122 ], [ -100.304008151975225, 25.654397790825069 ], [ -100.303940247229662, 25.654385581240962 ], [ -100.303954354576064, 25.654322811288779 ], [ -100.303976463127171, 25.654224448294187 ], [ -100.303993544682498, 25.654148445993844 ], [ -100.30400649380951, 25.654090826957944 ], [ -100.304013124353318, 25.654061318610768 ], [ -100.304023967320518, 25.654013074084869 ], [ -100.304036870056649, 25.653957925656222 ], [ -100.303916359627024, 25.653936630588497 ], [ -100.303679577730733, 25.653894788584552 ], [ -100.303451981697165, 25.653853949671465 ], [ -100.303434398598839, 25.653907524448488 ], [ -100.303412623607457, 25.653997710003154 ], [ -100.303397038892101, 25.653994989283628 ], [ -100.303353839591693, 25.653987453205232 ], [ -100.303325516731491, 25.653982510352446 ], [ -100.303277161028348, 25.653974077167664 ], [ -100.303267018185394, 25.654019987578444 ], [ -100.303259275538139, 25.654055047307455 ], [ -100.303245303225552, 25.654118319137666 ], [ -100.303243660628908, 25.654125739572276 ], [ -100.303232478748043, 25.654176356643056 ], [ -100.30322700103882, 25.654201162099291 ], [ -100.303222196456929, 25.654222914881938 ], [ -100.303217981820296, 25.654242003257384 ], [ -100.30321442237009, 25.654258126901162 ], [ -100.303201112774474, 25.654255328579929 ], [ -100.303175254187096, 25.654249892143341 ], [ -100.303160606294185, 25.65424681244567 ], [ -100.303148010525817, 25.654244162971157 ], [ -100.303144757435476, 25.654243481192378 ], [ -100.303118240289791, 25.654241405594721 ], [ -100.30310990166592, 25.654240752616492 ], [ -100.303070024308056, 25.654237633157546 ], [ -100.302997508106614, 25.65423178349609 ], [ -100.303008443362927, 25.654183460598503 ], [ -100.303014666540378, 25.654155950816342 ], [ -100.303017150472158, 25.654144977353475 ], [ -100.303026346703817, 25.654104333739934 ], [ -100.302946280644449, 25.654088997155895 ], [ -100.302918208771203, 25.65408362056969 ], [ -100.302875126884928, 25.654075368737939 ], [ -100.302890036862152, 25.654006359211966 ], [ -100.302892244961498, 25.653996141849827 ], [ -100.302896956897968, 25.653974336377303 ], [ -100.302901288162303, 25.653954292075539 ], [ -100.302906533115376, 25.653930017537128 ], [ -100.302915081418263, 25.653890450218995 ], [ -100.302929906538964, 25.653821841815844 ], [ -100.302931740404333, 25.653760598833458 ], [ -100.302734989191833, 25.653725293680949 ], [ -100.302717743258029, 25.653804934912248 ], [ -100.302702662888649, 25.653874575403623 ], [ -100.302633428989353, 25.653860169670921 ], [ -100.302484454905525, 25.653834364691523 ], [ -100.302484062691562, 25.65383653168697 ], [ -100.302460882672065, 25.653832862717149 ], [ -100.302448579823832, 25.653830915496421 ], [ -100.302421065390249, 25.653826560990939 ], [ -100.302338726192488, 25.653813529878537 ], [ -100.302319985861587, 25.653901217491935 ], [ -100.302318943855198, 25.653906086892746 ], [ -100.302310250486059, 25.653946779509063 ], [ -100.302300308309242, 25.653993311109314 ], [ -100.302287944446348, 25.654051171014743 ], [ -100.302277936443829, 25.654098005083746 ], [ -100.302252420736679, 25.654093954941736 ], [ -100.302217295538441, 25.65408838046794 ], [ -100.30221862423015, 25.654082393041428 ], [ -100.302177600956227, 25.654075709667357 ], [ -100.302153815670948, 25.654071831411922 ], [ -100.302115004363145, 25.654065505644379 ], [ -100.30210835242444, 25.654064422207338 ], [ -100.302100642674986, 25.654063163542155 ], [ -100.302045089092388, 25.65405410795065 ], [ -100.302060303491658, 25.653985080792882 ], [ -100.302078217288511, 25.653903815062776 ], [ -100.302080191074424, 25.653894854971085 ], [ -100.302094800308168, 25.653828564607796 ], [ -100.302100146628561, 25.653804310599295 ], [ -100.302107899001939, 25.653769137360417 ], [ -100.302108724674255, 25.653765391782596 ], [ -100.302033598912431, 25.653753374159386 ], [ -100.301965321272789, 25.653742451573283 ], [ -100.301897635253624, 25.653731626447737 ], [ -100.30185758539244, 25.653725219589042 ], [ -100.301854738712493, 25.653724763780648 ], [ -100.301815571504804, 25.653718499445684 ], [ -100.301750152126246, 25.653705179024495 ], [ -100.30172586335722, 25.65381595552163 ], [ -100.301659831386047, 25.653803383456136 ], [ -100.301634037006778, 25.653798461618184 ], [ -100.301615384695609, 25.653795601592577 ], [ -100.301583855461033, 25.653790080007184 ], [ -100.301508383720943, 25.653776870510043 ], [ -100.301484633879667, 25.653772714030115 ], [ -100.301470514114357, 25.653770240176161 ], [ -100.301449038682989, 25.653766482518453 ], [ -100.301387812142451, 25.653755766570853 ], [ -100.301345180714577, 25.653748299764523 ], [ -100.301322680486862, 25.653744360672452 ], [ -100.301316013476352, 25.653743192227431 ], [ -100.301276290779327, 25.653736239009248 ], [ -100.301244666960031, 25.653730705881802 ], [ -100.301211604134991, 25.653724915805174 ], [ -100.301209980567307, 25.653724630533688 ], [ -100.301177957977984, 25.653717831323153 ], [ -100.301119424699394, 25.653705401459899 ], [ -100.301107825536533, 25.653702938291669 ], [ -100.30105460648231, 25.653691636993432 ], [ -100.301027320994663, 25.653685843024977 ], [ -100.300986899765292, 25.653677261821201 ], [ -100.300918460260974, 25.653662729894378 ], [ -100.300881079669423, 25.653654790633482 ], [ -100.300829659616284, 25.653689237449058 ], [ -100.300805994757653, 25.653670262660185 ], [ -100.300712368780566, 25.653570615199417 ], [ -100.300625716347668, 25.653478389469971 ], [ -100.300513485712827, 25.653316522133963 ], [ -100.300384977811021, 25.653168026886529 ], [ -100.30032441240175, 25.653098041778104 ], [ -100.300296123869899, 25.653222769245922 ], [ -100.300281570429661, 25.653286939358185 ], [ -100.30026833012721, 25.653345314351743 ], [ -100.30024841906048, 25.653433112802357 ], [ -100.300238044231762, 25.653478864528999 ], [ -100.3002342387894, 25.653495647596028 ], [ -100.300233526384559, 25.653498788389527 ], [ -100.300232784643384, 25.653502055764307 ], [ -100.300220705928083, 25.653555311941766 ], [ -100.300208215044407, 25.653600074628404 ], [ -100.300207400998474, 25.653602991520231 ], [ -100.300203936208931, 25.653615408695497 ], [ -100.300174125934632, 25.653722244902912 ], [ -100.300153483810931, 25.653796222093789 ], [ -100.300149750071114, 25.653795488861409 ], [ -100.300131223098944, 25.653869231504846 ], [ -100.300114138578707, 25.65393723140394 ], [ -100.300027378869785, 25.653924167695223 ], [ -100.299998564256583, 25.65391982859094 ], [ -100.299844595177305, 25.65389664744664 ], [ -100.299791389958216, 25.653888637377324 ], [ -100.299779085478278, 25.653931654513162 ], [ -100.299708634217339, 25.654177949520296 ], [ -100.299683085140799, 25.654267268437977 ], [ -100.299744690231563, 25.654278026688139 ], [ -100.299755385867385, 25.654279889423915 ], [ -100.299810577171684, 25.654289522907142 ], [ -100.299866598599053, 25.6542993009901 ], [ -100.29993651312742, 25.654311504223042 ], [ -100.29997805748549, 25.654318754169307 ], [ -100.300043882990025, 25.654330244940798 ], [ -100.300002671660536, 25.654516884128466 ], [ -100.299989049760384, 25.654590526872035 ], [ -100.299967643253595, 25.654683575525834 ], [ -100.299952347851629, 25.654750042563158 ], [ -100.299923563193985, 25.654875156009183 ], [ -100.29992355981922, 25.654875171561613 ], [ -100.299923492415189, 25.654875164132989 ], [ -100.299622157725992, 25.654841216912768 ], [ -100.299621922010843, 25.654842299154168 ], [ -100.299572042113454, 25.654835570787547 ], [ -100.299545036027453, 25.654962503723738 ] ] ] ] } },
{ "type": "Feature", "properties": { "F_ING": "2025-12-30", "CODIGO_MS": null, "NOM_MS": "Brembo", "TIP_INFO": "CENTRAL DE DISTRIBUCION", "CONS_ZP": "NUEVA CASTILLA II", "ESTADO_MS": "EN OPERACION 0111", "ID_MEDIDOR": null, "Q_MEDIO": 120.0, "Q_FACTURAD": 0.0, "MARCA_CONT": null, "MARCA_VAL": null, "P_MIN": 0.0, "P_MAX": 0.0, "P_ENTRADA": 0.0, "P_SALIDA": 0.0, "LONG_RED": 0.0, "CANT_TOMAS": 24094.0, "CANT_MEDID": 0.0, "PORCENTAJE": 0.0, "GASTO_MEDI": 0.0, "NUMERO_CIR": 0, "TOMAS_NS": 0.0, "MEDIDORES_": 0.0, "DIAM_VAL": null, "CLORO": 0.0, "PH_H2O": 0.0, "TEMP_AGUA": 0, "RESP_MS": null, "FECHA_PRUE": null, "REF_DIR_ME": "Av. Nueva Castilla c/c Anillo Periférico", "TIP_MODI": "CSN-52", "CONS_M3_US": 0.0, "CREATED_US": "AUX_GIS5", "CREATED_DA": "2026-01-02", "LAST_EDITE": "AUX_GIS5", "LAST_EDI_1": "2026-01-05", "Shape_Leng": 33466.748437399998, "Shape_Area": 11107376.613399999 }, "geometry": { "type": "MultiPolygon", "coordinates": [ [ [ [ -100.269121544380496, 25.838849590987653 ], [ -100.269001583881717, 25.838266720648125 ], [ -100.268220537037053, 25.835017322045076 ], [ -100.268168223444135, 25.834801593537701 ], [ -100.268115673149453, 25.834576845498489 ], [ -100.267201763357576, 25.830719227362515 ], [ -100.267110407668952, 25.830349113021914 ], [ -100.267053368628055, 25.830047106987447 ], [ -100.271489776084834, 25.829386014223584 ], [ -100.273958229037774, 25.829002477291102 ], [ -100.273997210871499, 25.829301159949782 ], [ -100.274241807190535, 25.831175236996607 ], [ -100.274286544985415, 25.83151800796082 ], [ -100.274432746844823, 25.832724713283216 ], [ -100.274455658035109, 25.832913812952874 ], [ -100.274477089475226, 25.833134158214726 ], [ -100.274534887463801, 25.833582929931268 ], [ -100.274560685271936, 25.833783233667408 ], [ -100.27643994493981, 25.83357117588567 ], [ -100.27952611204843, 25.833192863804001 ], [ -100.279557770216371, 25.833440548161001 ], [ -100.279686272051791, 25.834445893950573 ], [ -100.279736136385054, 25.834865005358171 ], [ -100.279949165340781, 25.836471360038253 ], [ -100.280004678789112, 25.836889952538122 ], [ -100.273289193597677, 25.838127183535018 ], [ -100.273489478740615, 25.838534587526848 ], [ -100.273554639483521, 25.838667131582319 ], [ -100.273567796915316, 25.838682668913215 ], [ -100.273584050536144, 25.838707194757383 ], [ -100.273593886364111, 25.838726717740375 ], [ -100.274085584373012, 25.839880156834329 ], [ -100.274141053494191, 25.840010276352658 ], [ -100.27452611406386, 25.840915068164129 ], [ -100.274573088542738, 25.841036124549792 ], [ -100.274615398441881, 25.841158581453762 ], [ -100.2746553937789, 25.841292065114278 ], [ -100.274710380977069, 25.841490556428539 ], [ -100.274759475713211, 25.841539697721522 ], [ -100.274821705432132, 25.841561340500188 ], [ -100.27488157009509, 25.841587889864304 ], [ -100.274938598372032, 25.841619136784182 ], [ -100.274992341263513, 25.84165483524508 ], [ -100.275042375635607, 25.841694704184 ], [ -100.275088307551371, 25.841738429702485 ], [ -100.275129775372392, 25.841785667537945 ], [ -100.275148178233962, 25.841801920225112 ], [ -100.275169384213086, 25.841815081998163 ], [ -100.275192767164114, 25.841824764231063 ], [ -100.275217636661651, 25.841830681037706 ], [ -100.275243258386794, 25.841832657713251 ], [ -100.27526887580953, 25.841830635892705 ], [ -100.275293732526919, 25.841824675274232 ], [ -100.27548586680075, 25.841762184800288 ], [ -100.275524569511617, 25.841922282242141 ], [ -100.275332609233132, 25.841986568595463 ], [ -100.27531104259532, 25.841999708522003 ], [ -100.275292314531384, 25.842016027814847 ], [ -100.27527699028569, 25.842035033931555 ], [ -100.275265532370582, 25.842056153236776 ], [ -100.275258286606856, 25.842078748315341 ], [ -100.27525547168608, 25.842102137210443 ], [ -100.275256796908494, 25.84214927977018 ], [ -100.275255029894993, 25.842196410463387 ], [ -100.27524569387765, 25.842262917357605 ], [ -100.275228624844999, 25.842328155099136 ], [ -100.275204014867143, 25.84239138954884 ], [ -100.275172140875753, 25.842451909110054 ], [ -100.275133361548257, 25.842509032736452 ], [ -100.275088113271835, 25.842562117596287 ], [ -100.275036905232966, 25.842610566306536 ], [ -100.274980313687649, 25.842653833655653 ], [ -100.274900264729183, 25.842823369042637 ], [ -100.27521348989454, 25.845035682827881 ], [ -100.275252089696878, 25.84527357460842 ], [ -100.275275051633344, 25.845507327282352 ], [ -100.275290915612914, 25.845741562128843 ], [ -100.275299669643431, 25.845976102699602 ], [ -100.275301307088441, 25.84621077231499 ], [ -100.275295826672306, 25.846445394197143 ], [ -100.275283232481343, 25.846679791603112 ], [ -100.275263533960796, 25.846913787958041 ], [ -100.27523674590789, 25.847147206988129 ], [ -100.275221173059165, 25.847257336385461 ], [ -100.275185674874706, 25.84747384355985 ], [ -100.275143739247966, 25.847689406108842 ], [ -100.275095396626327, 25.847903867342534 ], [ -100.275040682114792, 25.848117071370684 ], [ -100.274979635450649, 25.848328863216075 ], [ -100.274912300974648, 25.84853908892714 ], [ -100.274902801604668, 25.848577015039712 ], [ -100.274899388308725, 25.848615780171492 ], [ -100.274902131133075, 25.848654588868005 ], [ -100.274910973801298, 25.848692644780073 ], [ -100.274925734868546, 25.848729167004823 ], [ -100.274946111444365, 25.848763406109796 ], [ -100.274967456790762, 25.848801860710722 ], [ -100.274994091366324, 25.848837511395899 ], [ -100.275025572641212, 25.848869765828336 ], [ -100.275061377556341, 25.848898088099439 ], [ -100.275100911213826, 25.848922007633323 ], [ -100.275143516761318, 25.848941127005624 ], [ -100.275188486305751, 25.84895512854682 ], [ -100.275235072675244, 25.848963779620458 ], [ -100.275250448268508, 25.849344359253294 ], [ -100.275203711772605, 25.849351606873153 ], [ -100.275158688851022, 25.849365070452823 ], [ -100.275116383246043, 25.849384449835352 ], [ -100.27507773812134, 25.84940931297659 ], [ -100.27504361503523, 25.849439105577002 ], [ -100.275014774733322, 25.84947316343899 ], [ -100.274991860188152, 25.84951072727435 ], [ -100.274950039661178, 25.849562899536728 ], [ -100.27490256739128, 25.84961094899656 ], [ -100.274849936508616, 25.849654376521027 ], [ -100.274792693732266, 25.849692730988913 ], [ -100.274731433691116, 25.849725613976947 ], [ -100.274666792746757, 25.849752683898778 ], [ -100.27459944238295, 25.849773659553488 ], [ -100.274530082230001, 25.84978832304683 ], [ -100.274485819461844, 25.849794414617936 ], [ -100.274442940366654, 25.84980606922689 ], [ -100.27440229444484, 25.849823055978455 ], [ -100.274364686955138, 25.849845038339392 ], [ -100.274330862961534, 25.849871580805598 ], [ -100.274301492572462, 25.849902157529897 ], [ -100.274277157664898, 25.849936162739787 ], [ -100.274258340356283, 25.849972922738495 ], [ -100.27416429033498, 25.850124794956979 ], [ -100.274077278013991, 25.850280064062659 ], [ -100.273997452976786, 25.850438463182172 ], [ -100.273924952455133, 25.85059972006124 ], [ -100.273859901093033, 25.850763557532513 ], [ -100.273802410732344, 25.850929693991983 ], [ -100.273752580220247, 25.85109784388289 ], [ -100.273710495239271, 25.851267718186527 ], [ -100.273676228159687, 25.851439024918996 ], [ -100.273649837914974, 25.851611469633006 ], [ -100.273631369900258, 25.85178475592398 ], [ -100.273620855894038, 25.851958585939531 ], [ -100.273644466193772, 25.852016945600276 ], [ -100.273674245940498, 25.85207294714057 ], [ -100.273709911989741, 25.852126058084764 ], [ -100.273751125227292, 25.852175773441044 ], [ -100.273797493793538, 25.852221620503141 ], [ -100.273848576809087, 25.852263163345036 ], [ -100.27390388856675, 25.852300006966054 ], [ -100.273962903149837, 25.85233180104672 ], [ -100.274172684248541, 25.852385947237259 ], [ -100.274189944283151, 25.852461395734679 ], [ -100.275702497252809, 25.852255036447765 ], [ -100.276022405153455, 25.852230278160569 ], [ -100.277002311250158, 25.852147420401518 ], [ -100.278820224117865, 25.851993883959693 ], [ -100.27883457911139, 25.852117728408128 ], [ -100.278993994978308, 25.853493004265992 ], [ -100.279001912782121, 25.853567770058319 ], [ -100.279009527617376, 25.85363966693923 ], [ -100.27901714187233, 25.853711563823932 ], [ -100.279024756138483, 25.853783460707167 ], [ -100.279031418336984, 25.853846370682124 ], [ -100.279038081129769, 25.853909280115591 ], [ -100.279044743345395, 25.853972190088339 ], [ -100.279051406161102, 25.854035100054766 ], [ -100.279058068388125, 25.854098009490141 ], [ -100.27906473122097, 25.854160919454365 ], [ -100.279071393465131, 25.854223828887513 ], [ -100.279078056315129, 25.854286738849549 ], [ -100.27908471917371, 25.854349648810469 ], [ -100.279091381443592, 25.854412558240302 ], [ -100.279098044319298, 25.854475468199034 ], [ -100.279104706612102, 25.854538378161852 ], [ -100.279111369499219, 25.854601287583165 ], [ -100.279118507856538, 25.854668690996196 ], [ -100.279126122271776, 25.854740587860253 ], [ -100.279187045703807, 25.855324998269271 ], [ -100.279194634649002, 25.855401334650153 ], [ -100.27920180366587, 25.855473444705115 ], [ -100.279208939541476, 25.855545222664951 ], [ -100.279215203116607, 25.855608228185456 ], [ -100.27922141556131, 25.85567071443468 ], [ -100.279227717618596, 25.85573410605949 ], [ -100.279233966626919, 25.855796965048867 ], [ -100.279240249415849, 25.855860158801626 ], [ -100.279246488438915, 25.855922912969426 ], [ -100.279252757394119, 25.855985974101884 ], [ -100.279259008411117, 25.856048851803131 ], [ -100.279265266002227, 25.856111789927922 ], [ -100.279271523050298, 25.856174731803215 ], [ -100.279277793962464, 25.85623780683083 ], [ -100.279284049607654, 25.856300726771568 ], [ -100.279290288704914, 25.856363482537589 ], [ -100.279296553736216, 25.856426503554545 ], [ -100.27930279281513, 25.856489256107334 ], [ -100.279309034636881, 25.856552042890513 ], [ -100.279315336745768, 25.856615428613384 ], [ -100.279321579899317, 25.856678227693454 ], [ -100.279327838307466, 25.856741179182304 ], [ -100.27933405424136, 25.856803701244534 ], [ -100.279340329250843, 25.856866819580887 ], [ -100.279341627482879, 25.85687987609257 ], [ -100.27934646595034, 25.856930167683785 ], [ -100.279352509377006, 25.856992983505865 ], [ -100.279358602814739, 25.857056322888951 ], [ -100.279364699546434, 25.857119692750864 ], [ -100.279370753717018, 25.857182625158337 ], [ -100.279376819810153, 25.857245675213168 ], [ -100.279382851993745, 25.857308377122852 ], [ -100.279403138014302, 25.857519236522421 ], [ -100.279404259698225, 25.857530893322522 ], [ -100.279417853783045, 25.857637600468546 ], [ -100.279423715454172, 25.857683799666024 ], [ -100.279647017743443, 25.859417495359253 ], [ -100.279889633189896, 25.861996415364366 ], [ -100.279413168213907, 25.86203276890059 ], [ -100.279262945989728, 25.862080292367068 ], [ -100.275633848013968, 25.86227313413001 ], [ -100.271710675016564, 25.862488995741554 ], [ -100.271600156287107, 25.862853803159595 ], [ -100.271622054209018, 25.865284489291323 ], [ -100.271623218478567, 25.865395473540087 ], [ -100.271626206720939, 25.865515029248012 ], [ -100.271625973308531, 25.865605311828496 ], [ -100.271625739898909, 25.86569559440791 ], [ -100.271627312111491, 25.86578588043508 ], [ -100.271628259559776, 25.865876163371102 ], [ -100.271629207035559, 25.865966448446741 ], [ -100.271630154515918, 25.866056733521226 ], [ -100.27163110197796, 25.866147016453777 ], [ -100.27163204946747, 25.866237301525949 ], [ -100.271632994595365, 25.866327586617697 ], [ -100.271633942071134, 25.866417869546787 ], [ -100.271634889574401, 25.866508154615492 ], [ -100.271635837082243, 25.866598439683028 ], [ -100.271636784571754, 25.86668872260865 ], [ -100.271637729722542, 25.866779007694625 ], [ -100.271638677244113, 25.866869292758707 ], [ -100.271639399884819, 25.866938127249878 ], [ -100.271640926046501, 25.867083516937999 ], [ -100.271618307465303, 25.867208418721361 ], [ -100.271617431944179, 25.867315312823582 ], [ -100.271616692721096, 25.867405592321457 ], [ -100.271615954091587, 25.867495871813119 ], [ -100.271615215464095, 25.867586151303712 ], [ -100.271614474472372, 25.867676430813979 ], [ -100.271613735263088, 25.867766710842837 ], [ -100.27161299664165, 25.867856990330235 ], [ -100.27161225802223, 25.867947269816607 ], [ -100.271611518836167, 25.868037551447873 ], [ -100.271610777854519, 25.868127830952865 ], [ -100.271610039241153, 25.868218110436043 ], [ -100.271609300629791, 25.86830838991818 ], [ -100.271608561428891, 25.868398669404446 ], [ -100.271607822827292, 25.868488949419667 ], [ -100.27160708185572, 25.868579228919369 ], [ -100.27160634266086, 25.868669508402444 ], [ -100.271605604059587, 25.868759787879299 ], [ -100.271604634460317, 25.868878172309596 ], [ -100.271603491804697, 25.869017639332426 ], [ -100.271610102514032, 25.871833274476842 ], [ -100.271608971046362, 25.873560427380362 ], [ -100.271608908704849, 25.873722692074072 ], [ -100.271608151394801, 25.875691367294507 ], [ -100.271574764436039, 25.875798021125661 ], [ -100.271589477742964, 25.876335506813909 ], [ -100.271495520564258, 25.876414469172865 ], [ -100.27140417058159, 25.876474521528483 ], [ -100.271404865008748, 25.876601820178326 ], [ -100.271405194364831, 25.876665017111435 ], [ -100.271405523722819, 25.876728214044014 ], [ -100.271405853082697, 25.87679141097604 ], [ -100.271406182450193, 25.876854608442688 ], [ -100.271406511813836, 25.876917805373601 ], [ -100.271406841179385, 25.876981002303982 ], [ -100.271407170546809, 25.877044199233794 ], [ -100.271407499916137, 25.877107396163051 ], [ -100.271407802073398, 25.877170593330231 ], [ -100.271407958696969, 25.877233791772163 ], [ -100.271408115322245, 25.877296990213534 ], [ -100.271408271943514, 25.877360188119184 ], [ -100.271408429163813, 25.877423386554288 ], [ -100.271408602359244, 25.877486584848871 ], [ -100.271408856247561, 25.877558810903871 ], [ -100.271409048019152, 25.877631037502489 ], [ -100.271408626867569, 25.877703267865652 ], [ -100.271408206314831, 25.87777549875813 ], [ -100.271406712724698, 25.878032029944237 ], [ -100.27141280711075, 25.878269701200846 ], [ -100.271414038080295, 25.878358191657679 ], [ -100.27141491710961, 25.878421384829629 ], [ -100.271415796141412, 25.878484578001004 ], [ -100.271416674584074, 25.878547771176962 ], [ -100.271417553620807, 25.878610964347182 ], [ -100.271418432660013, 25.878674157516823 ], [ -100.271419311701706, 25.878737350685867 ], [ -100.271420190745872, 25.878800543854354 ], [ -100.27142106979251, 25.878863737022261 ], [ -100.271421948841621, 25.878926930189575 ], [ -100.271422827893204, 25.878990123356324 ], [ -100.271423706355648, 25.879053316527678 ], [ -100.271424585412177, 25.879116509693279 ], [ -100.271425464465452, 25.87917970232311 ], [ -100.27142634352694, 25.879242895487543 ], [ -100.271427222590887, 25.879306088651408 ], [ -100.271428101657335, 25.879369281814679 ], [ -100.271428980726213, 25.879432474977399 ], [ -100.271429859797607, 25.87949566813953 ], [ -100.271430959056602, 25.87957472609158 ], [ -100.271637948162706, 25.879495164332056 ], [ -100.271613113561727, 25.882847835405684 ], [ -100.271609191857678, 25.882902964376676 ], [ -100.271608775165944, 25.883850138018182 ], [ -100.271610118516847, 25.883975539838641 ], [ -100.271624951043023, 25.886469344846432 ], [ -100.271624268583309, 25.886855097372294 ], [ -100.27161710813175, 25.887667982390315 ], [ -100.271616844068475, 25.887716015146939 ], [ -100.271619087147414, 25.888497564346551 ], [ -100.27160814344893, 25.889694461929864 ], [ -100.271604037833882, 25.890046157989474 ], [ -100.271592030968449, 25.892231195632647 ], [ -100.271590011802161, 25.892619479506777 ], [ -100.271593910417266, 25.893183604592934 ], [ -100.271602451929084, 25.893517912020528 ], [ -100.271611929003882, 25.893717542404286 ], [ -100.271475538344063, 25.893776702707836 ], [ -100.271349540012551, 25.893831354973923 ], [ -100.271223541584035, 25.893886009275224 ], [ -100.27109754064584, 25.89394066135096 ], [ -100.270971541954481, 25.893995313300373 ], [ -100.270845543166089, 25.894049967285024 ], [ -100.270773542439031, 25.894081196874541 ], [ -100.270647543439225, 25.894135848552544 ], [ -100.270521541975612, 25.894190502286474 ], [ -100.270395542735884, 25.894245153753339 ], [ -100.270269543376216, 25.894299805114656 ], [ -100.270143541552727, 25.894354458531904 ], [ -100.270017541953152, 25.894409109682094 ], [ -100.269891542233637, 25.894463760726712 ], [ -100.269765540050287, 25.894518413827257 ], [ -100.269639540090864, 25.894573064660765 ], [ -100.269513540011474, 25.894627715388683 ], [ -100.269387537468276, 25.894682368172543 ], [ -100.269261537148992, 25.894737018689334 ], [ -100.269135534365887, 25.894791671262038 ], [ -100.269009533806695, 25.894846321567705 ], [ -100.268883533127578, 25.894900971767786 ], [ -100.268757529984597, 25.89495562402379 ], [ -100.268631529065587, 25.89501027401273 ], [ -100.268559527134116, 25.895041502542281 ], [ -100.268433526049492, 25.895096154506088 ], [ -100.268307524822021, 25.895150804223558 ], [ -100.26818152110782, 25.895205453856171 ], [ -100.268055519663335, 25.895260105503258 ], [ -100.267929518076031, 25.895314754904017 ], [ -100.267803514001983, 25.895369404219874 ], [ -100.26767751219765, 25.895424055550251 ], [ -100.267551510250499, 25.895478704634257 ], [ -100.267425505816604, 25.895533353633375 ], [ -100.267299503652424, 25.89558800464701 ], [ -100.267173501345425, 25.895642653414285 ], [ -100.267047496551697, 25.895697302096675 ], [ -100.266921494027685, 25.89575195279355 ], [ -100.266795491360853, 25.895806601244079 ], [ -100.266669486230128, 25.895861251750475 ], [ -100.266543483323417, 25.895915899989834 ], [ -100.266417480296752, 25.895970548123618 ], [ -100.266277974191198, 25.896031051849505 ], [ -100.265679363915865, 25.896290671589028 ], [ -100.261834999800385, 25.897848404618045 ], [ -100.261656862452298, 25.897920582477521 ], [ -100.261943208130404, 25.898643523240604 ], [ -100.262552511356077, 25.900189420235129 ], [ -100.263487210088002, 25.902560806447976 ], [ -100.26329060578847, 25.902591855079933 ], [ -100.263235339280769, 25.902600104022827 ], [ -100.261532088763687, 25.902869553375524 ], [ -100.259751611680684, 25.903161600987978 ], [ -100.257751923952242, 25.903493228525406 ], [ -100.256637339424458, 25.903675329963473 ], [ -100.255416254045656, 25.903873864485366 ], [ -100.254052978463776, 25.904097252938474 ], [ -100.253299380340849, 25.904220732577556 ], [ -100.252482115828187, 25.904354982555308 ], [ -100.251919458136967, 25.904452299941013 ], [ -100.251585691512886, 25.90451002684469 ], [ -100.250476466811094, 25.904725780608377 ], [ -100.249457153962808, 25.904924037656631 ], [ -100.249313732301673, 25.905631471366831 ], [ -100.249051153257284, 25.906926633014056 ], [ -100.248823205347847, 25.908050956115577 ], [ -100.248768671679073, 25.908319933251494 ], [ -100.248692396654789, 25.908696145715702 ], [ -100.248713866225813, 25.908764199994625 ], [ -100.248804711204428, 25.908763862777111 ], [ -100.24889373614981, 25.908764295874828 ], [ -100.248983730352478, 25.908763197800713 ], [ -100.249072977457843, 25.908762866152959 ], [ -100.249163414080328, 25.90876253008808 ], [ -100.249252841089131, 25.908762197849839 ], [ -100.249382876275888, 25.90876171469845 ], [ -100.249502665355877, 25.908761132943592 ], [ -100.249642485914734, 25.908760384840548 ], [ -100.249782173909296, 25.908759637745476 ], [ -100.249901962489702, 25.908758897768223 ], [ -100.250018796334132, 25.908758181028823 ], [ -100.25010863867827, 25.908757726927771 ], [ -100.25019860822718, 25.908757269533016 ], [ -100.250288322708784, 25.908756813211788 ], [ -100.250378164406428, 25.908756354667272 ], [ -100.250468006986125, 25.908755923892087 ], [ -100.250557962630239, 25.908755495832562 ], [ -100.250647691014649, 25.908755068072036 ], [ -100.250737533027007, 25.908754640346118 ], [ -100.250827375627978, 25.908754212559419 ], [ -100.250917217628384, 25.90875378418697 ], [ -100.251007059631277, 25.908753356294046 ], [ -100.251086920093385, 25.908752999500379 ], [ -100.251176761775298, 25.908752597731908 ], [ -100.251266604051523, 25.90875219643787 ], [ -100.251356446910748, 25.908751794547847 ], [ -100.25143782117091, 25.908751430381471 ], [ -100.251446289175092, 25.908751392607265 ], [ -100.251536131436339, 25.908750990611033 ], [ -100.251625973700115, 25.9087505890943 ], [ -100.251715815955123, 25.90875018698673 ], [ -100.25180642635776, 25.908749781401916 ], [ -100.251895537151171, 25.908749382822911 ], [ -100.251985342690176, 25.908748979259563 ], [ -100.252075184949689, 25.90874857853488 ], [ -100.252165027194764, 25.908748176684156 ], [ -100.252254869431098, 25.908747774242556 ], [ -100.252344586203563, 25.90874737229386 ], [ -100.252467047604995, 25.908746823879959 ], [ -100.252591102923674, 25.9087466250201 ], [ -100.252737035875882, 25.908745613978788 ], [ -100.252765059692436, 25.908841942411438 ], [ -100.25279433844068, 25.90893705890694 ], [ -100.252818100986147, 25.909016449468314 ], [ -100.252841420000252, 25.909094356418219 ], [ -100.252864932912118, 25.909172911471359 ], [ -100.252888408447248, 25.909251342665772 ], [ -100.252911884607357, 25.909329773849315 ], [ -100.252935344251654, 25.9094081511106 ], [ -100.252958836435511, 25.909486636204161 ], [ -100.252982312103541, 25.909565067375478 ], [ -100.253005787799125, 25.909643498005831 ], [ -100.253029264125402, 25.909721929160487 ], [ -100.253052742942486, 25.909800368852 ], [ -100.2530761985022, 25.909878732734636 ], [ -100.253099700095916, 25.909957249293203 ], [ -100.253123163060906, 25.910035635581057 ], [ -100.253144116876712, 25.910105639177676 ], [ -100.253171357840046, 25.910197154941052 ], [ -100.253194755409837, 25.910275223843509 ], [ -100.253218299014662, 25.910353779619079 ], [ -100.253241832839322, 25.910432302823896 ], [ -100.253265290015335, 25.91051057030478 ], [ -100.253288804262539, 25.910589026762555 ], [ -100.253312152304261, 25.910666929605512 ], [ -100.253335834091288, 25.910745944467259 ], [ -100.253359280346331, 25.910824174018401 ], [ -100.253382837070049, 25.910902772996636 ], [ -100.253406530005975, 25.910981825212282 ], [ -100.253429933431136, 25.911059912742822 ], [ -100.253453443621865, 25.911138355280865 ], [ -100.253476855703639, 25.911216471628713 ], [ -100.253500348785465, 25.911294857032797 ], [ -100.253523965211471, 25.911373654036552 ], [ -100.253547430142007, 25.911451945470411 ], [ -100.253570991416552, 25.911530557746236 ], [ -100.253435122350226, 25.911563265923565 ], [ -100.253376193938649, 25.911577451972629 ], [ -100.253323237377131, 25.911606327472274 ], [ -100.253211924733435, 25.911643856006158 ], [ -100.253127738709225, 25.911672238704341 ], [ -100.253043552648478, 25.911700621890201 ], [ -100.252959366539869, 25.911729004493342 ], [ -100.252875180389012, 25.911757387048933 ], [ -100.25279099419599, 25.911785769557021 ], [ -100.252706807960735, 25.91181415201757 ], [ -100.252622622280697, 25.911842534960655 ], [ -100.252538435961, 25.911870917326151 ], [ -100.252454249599126, 25.911899299644098 ], [ -100.252370063195016, 25.911927681914541 ], [ -100.252285876754357, 25.911956064672637 ], [ -100.252201690265835, 25.911984446847992 ], [ -100.252117503735093, 25.912012828975847 ], [ -100.252055827546272, 25.912033622249773 ], [ -100.251992855088048, 25.912054852746991 ], [ -100.251943578733616, 25.912071465144923 ], [ -100.251411360086152, 25.912250893491684 ], [ -100.251358604082924, 25.912268679013003 ], [ -100.251298053434041, 25.912289092401991 ], [ -100.251315004961995, 25.912347971005008 ], [ -100.251180096296778, 25.912380986215886 ], [ -100.251166438921558, 25.912334323905061 ], [ -100.251021471467524, 25.91236825381101 ], [ -100.2509527218823, 25.912384344548293 ], [ -100.250876206369156, 25.912402253047887 ], [ -100.250563359370943, 25.912475474907637 ], [ -100.25038743452717, 25.912526228459232 ], [ -100.250520626889013, 25.912638935976631 ], [ -100.250650216985832, 25.912755027413048 ], [ -100.250776099734821, 25.91287440864021 ], [ -100.250898173058147, 25.912996982862186 ], [ -100.25103516657542, 25.913143359962344 ], [ -100.25116672801957, 25.913293757455104 ], [ -100.251290242383192, 25.913444918446288 ], [ -100.251408271101099, 25.913599622554266 ], [ -100.251520689980396, 25.913757707022398 ], [ -100.251627380728564, 25.913919005537135 ], [ -100.251485647237331, 25.913984675729822 ], [ -100.251356118445571, 25.914052619039904 ], [ -100.251350415233759, 25.914044026788712 ], [ -100.251221152348236, 25.914112111666167 ], [ -100.251172186749926, 25.914137902689543 ], [ -100.251130659401596, 25.914069247526921 ], [ -100.250568437730621, 25.914258923360407 ], [ -100.249705840288328, 25.914549931393665 ], [ -100.248186555405169, 25.9150624655651 ], [ -100.247778232914357, 25.91520014950332 ], [ -100.247706367331261, 25.915224381998154 ], [ -100.247539772364121, 25.915280524229363 ], [ -100.247442162631842, 25.915313469267996 ], [ -100.247403498806037, 25.915375808053444 ], [ -100.247360295648008, 25.915435659529475 ], [ -100.247312747983727, 25.915492753784434 ], [ -100.247261070232426, 25.9155468333405 ], [ -100.247136238722604, 25.915636881947702 ], [ -100.247006874576783, 25.915721537025046 ], [ -100.246873262485735, 25.915800612265702 ], [ -100.246324935699505, 25.916145919384249 ], [ -100.246320252873517, 25.916141864508496 ], [ -100.246217340038669, 25.916208753630148 ], [ -100.246110529037466, 25.916270442850866 ], [ -100.246000140778236, 25.916326746824474 ], [ -100.245886506918765, 25.916377496384509 ], [ -100.245769968869709, 25.916422539052551 ], [ -100.245650876768721, 25.916461739496409 ], [ -100.245529588428425, 25.916494979936807 ], [ -100.245406468261081, 25.916522160501327 ], [ -100.245282543794232, 25.916543105388669 ], [ -100.245157541153972, 25.916557910810553 ], [ -100.245031831979162, 25.916566532749012 ], [ -100.244905790009625, 25.916568945569896 ], [ -100.244779789974856, 25.916565142099021 ], [ -100.244654206479751, 25.916555133643588 ], [ -100.244529412890685, 25.916538949958525 ], [ -100.244405780225335, 25.916516639158022 ], [ -100.244380786778422, 25.916593571738922 ], [ -100.244259633621184, 25.917177316532129 ], [ -100.244170465221416, 25.917601436234971 ], [ -100.244310789609173, 25.917767467591553 ], [ -100.244445053424911, 25.917937548191265 ], [ -100.244573113876598, 25.918111497181961 ], [ -100.244694834766563, 25.91828912959738 ], [ -100.244810086636491, 25.918470256553825 ], [ -100.244918746905043, 25.918654685450885 ], [ -100.245020699998378, 25.918842220176259 ], [ -100.245140218553999, 25.919090174427911 ], [ -100.245149098208387, 25.919109924066614 ], [ -100.245350439129481, 25.91936994065323 ], [ -100.245555747655075, 25.919530717732478 ], [ -100.245782864316553, 25.919650595946923 ], [ -100.245764560597976, 25.919794083243342 ], [ -100.245758293733815, 25.919951799796291 ], [ -100.245741516130508, 25.920346622304468 ], [ -100.245761796273754, 25.920285011222184 ], [ -100.245952999231349, 25.920003874519317 ], [ -100.246244345375345, 25.919825790599141 ], [ -100.248016079022136, 25.919204463511207 ], [ -100.248066846766392, 25.919324252474102 ], [ -100.248096377722504, 25.919393931860224 ], [ -100.248117794267216, 25.919444464313564 ], [ -100.248139304914048, 25.91949521914853 ], [ -100.248160923010317, 25.91954622729418 ], [ -100.248182499253033, 25.919597137311612 ], [ -100.248203564465626, 25.91964684261384 ], [ -100.24822523178068, 25.919697966471006 ], [ -100.248246470616209, 25.919748080800819 ], [ -100.248268006251877, 25.919798893202501 ], [ -100.248289092766342, 25.919848647012522 ], [ -100.248310866997542, 25.919900024172659 ], [ -100.248331974787803, 25.919949827569035 ], [ -100.248353864368681, 25.920001475630478 ], [ -100.248375169473164, 25.920051745656288 ], [ -100.248396416321029, 25.920101877552206 ], [ -100.248418298086477, 25.920153508540871 ], [ -100.248439523739833, 25.920203591369042 ], [ -100.248460853799742, 25.920253919505299 ], [ -100.248482253669678, 25.920304411355559 ], [ -100.24850375858361, 25.920355152790243 ], [ -100.248525207653358, 25.920405760356168 ], [ -100.248546446754062, 25.920455874627926 ], [ -100.248567660971432, 25.920505928627747 ], [ -100.248593212031324, 25.920566216557805 ], [ -100.249692914256883, 25.923160909089635 ], [ -100.249755564233865, 25.923282373440678 ], [ -100.249784508918609, 25.923349976426486 ], [ -100.249806136909129, 25.923400491753242 ], [ -100.249827765510773, 25.923451007070643 ], [ -100.249849394126045, 25.923501521848628 ], [ -100.249871022174361, 25.923552037162629 ], [ -100.249892650833814, 25.923602552467283 ], [ -100.249914278920684, 25.923653067772815 ], [ -100.249935907618649, 25.923703583068967 ], [ -100.249957536330243, 25.923754097825679 ], [ -100.249979164474894, 25.923804613118463 ], [ -100.250000793230683, 25.923855128401865 ], [ -100.250022422005713, 25.923905643681021 ], [ -100.250044050208174, 25.923956158961055 ], [ -100.250065679016103, 25.924006673696525 ], [ -100.250087307848943, 25.924057188962934 ], [ -100.2501089361092, 25.924107704230213 ], [ -100.250130638696049, 25.92415819369581 ], [ -100.25015234129657, 25.924208682621948 ], [ -100.250174044508242, 25.924259171538704 ], [ -100.250195747153043, 25.924309660991479 ], [ -100.250217449811529, 25.924360149904793 ], [ -100.25023915308681, 25.924410639343929 ], [ -100.250260855783935, 25.924461128248691 ], [ -100.250282558500359, 25.924511617149186 ], [ -100.250304261833591, 25.924562106575486 ], [ -100.250325964588669, 25.92461259546743 ], [ -100.250347667960568, 25.9246630848852 ], [ -100.250369370754257, 25.924713573768596 ], [ -100.250391073567286, 25.924764062647714 ], [ -100.250412776997138, 25.92481455205267 ], [ -100.250434479848806, 25.924865040923244 ], [ -100.250456182725443, 25.924915530324736 ], [ -100.250477886207591, 25.924966019181657 ], [ -100.250499589117226, 25.925016508039434 ], [ -100.250521292643668, 25.925066997422999 ], [ -100.250542995591942, 25.925117486272207 ], [ -100.250567485605274, 25.925174457997038 ], [ -100.250615279043771, 25.925284542410154 ], [ -100.250650811524679, 25.9253686353156 ], [ -100.25067687096093, 25.925426408109242 ], [ -100.250699322105433, 25.925478119921152 ], [ -100.250720756517225, 25.925527490258595 ], [ -100.250743049363606, 25.925578837323048 ], [ -100.2507645730024, 25.925628414020672 ], [ -100.250786813103304, 25.925679638961594 ], [ -100.250808358606889, 25.925729264704511 ], [ -100.250829836490709, 25.925780332967982 ], [ -100.250852129740011, 25.925830082846858 ], [ -100.250874385089261, 25.92588134296518 ], [ -100.250895879721796, 25.925930852448168 ], [ -100.250918143002437, 25.925982131222995 ], [ -100.250939779619927, 25.926031966504652 ], [ -100.250961867610599, 25.926082841071196 ], [ -100.250983530366156, 25.926132737671736 ], [ -100.251005651761901, 25.926183689016277 ], [ -100.251027290271381, 25.926233528011799 ], [ -100.251049052126945, 25.92628445194341 ], [ -100.251071159467315, 25.926334571096078 ], [ -100.251093196013272, 25.926385327257972 ], [ -100.251114954123096, 25.926435442459475 ], [ -100.251136958554184, 25.926486124491703 ], [ -100.251158764623725, 25.926536349530544 ], [ -100.251180723596775, 25.92658692703958 ], [ -100.251202562467995, 25.926637227791183 ], [ -100.251224494179482, 25.926687742368767 ], [ -100.251246368276497, 25.926738124164576 ], [ -100.25126827029672, 25.926788569944065 ], [ -100.251290192103554, 25.92683898182829 ], [ -100.251312113929885, 25.926889393708169 ], [ -100.25133403577567, 25.926939805583711 ], [ -100.251355958232793, 25.926990217449799 ], [ -100.251377935509396, 25.927040605822889 ], [ -100.251399942330721, 25.927090987513704 ], [ -100.251421949171586, 25.927141369200154 ], [ -100.251443956026336, 25.927191750347056 ], [ -100.251465962906266, 25.927242132024752 ], [ -100.251487970397591, 25.927292513692976 ], [ -100.251509977316573, 25.927342895361946 ], [ -100.251531984249468, 25.927393276491337 ], [ -100.25155399120753, 25.927443658151557 ], [ -100.251575998776985, 25.927494039802291 ], [ -100.251598005768457, 25.927544420918558 ], [ -100.251620012785139, 25.927594802565668 ], [ -100.251642019821332, 25.927645184208394 ], [ -100.251678644173623, 25.927729394215401 ], [ -100.252082423737249, 25.927606020059063 ], [ -100.252147081292392, 25.927693278889127 ], [ -100.252149503817819, 25.927697223347721 ], [ -100.252151168584348, 25.927701476724543 ], [ -100.252152029393244, 25.927705920984792 ], [ -100.252152062356203, 25.927710432796474 ], [ -100.252151266558414, 25.927714886952963 ], [ -100.252149664083831, 25.927719159847609 ], [ -100.252147299402438, 25.927723132903918 ], [ -100.252144238136069, 25.927726695866173 ], [ -100.252140565237482, 25.927729749859072 ], [ -100.252136382632727, 25.927732210131666 ], [ -100.252131806392697, 25.927734008409264 ], [ -100.251573072154613, 25.927905122962667 ], [ -100.251478389628645, 25.927934119646743 ], [ -100.249419439717954, 25.928564657462747 ], [ -100.249281132223302, 25.928612033911381 ], [ -100.249142788516139, 25.928663902290527 ], [ -100.24901865918217, 25.92871044117566 ], [ -100.248883234312075, 25.928761214737914 ], [ -100.24898008211953, 25.928947185131303 ], [ -100.248836003016109, 25.929015645918685 ], [ -100.248819668152535, 25.92900257602636 ], [ -100.24880116948367, 25.928992126457487 ], [ -100.248781015583063, 25.928984584496011 ], [ -100.248759760530163, 25.928980157488652 ], [ -100.248737988677561, 25.928978967144559 ], [ -100.248716298585776, 25.928981046189225 ], [ -100.248695286567568, 25.928986337464753 ], [ -100.248675530294037, 25.928994695501331 ], [ -100.24860093396839, 25.929020515600431 ], [ -100.248535662530415, 25.929043108621656 ], [ -100.248470391060792, 25.929065701079121 ], [ -100.24840511956512, 25.929088293508016 ], [ -100.248339847457203, 25.929110886448658 ], [ -100.248274575909477, 25.929133478820415 ], [ -100.248209304335745, 25.929156071163607 ], [ -100.248144032741621, 25.929178664013413 ], [ -100.248078760523967, 25.929201256304573 ], [ -100.248013488872132, 25.929223848562057 ], [ -100.247949850294077, 25.929245820295815 ], [ -100.247882945496059, 25.929269033526516 ], [ -100.247817673174282, 25.929291625703399 ], [ -100.247752401424023, 25.929314218381798 ], [ -100.247687129642074, 25.929336810496434 ], [ -100.247621857834105, 25.929359402582513 ], [ -100.247556586005757, 25.929381995175206 ], [ -100.247491313553851, 25.929404587209234 ], [ -100.24742604167345, 25.929427179744795 ], [ -100.247360769761372, 25.929449771716595 ], [ -100.247295497823288, 25.929472363659823 ], [ -100.247230225272929, 25.929494956114777 ], [ -100.247164953282777, 25.929517548000867 ], [ -100.247099681266604, 25.929540139858389 ], [ -100.247034409230054, 25.929562732222518 ], [ -100.246969136569959, 25.929585324027993 ], [ -100.246903864475712, 25.929607915799807 ], [ -100.246838592361073, 25.929630508078237 ], [ -100.2467733202148, 25.929653099792901 ], [ -100.246708048042478, 25.929675691478998 ], [ -100.246642775257897, 25.92969828367681 ], [ -100.24656817859784, 25.929724102754008 ], [ -100.246484256871426, 25.929753149241954 ], [ -100.24633070429131, 25.929806295542903 ], [ -100.246108135608964, 25.929535317927176 ], [ -100.244891329329434, 25.928053827546872 ], [ -100.244781342491819, 25.928154590349564 ], [ -100.244571027479992, 25.928445614098798 ], [ -100.243939968946194, 25.928174003176782 ], [ -100.243214426755955, 25.927861720990947 ], [ -100.243137799333127, 25.927828739000166 ], [ -100.243052155958537, 25.927791876733835 ], [ -100.242966513227387, 25.927755014409687 ], [ -100.24288086995594, 25.927718152037837 ], [ -100.242795227333531, 25.927681290143362 ], [ -100.242709584757065, 25.927644427660915 ], [ -100.242623941640289, 25.927607565130817 ], [ -100.242538299166938, 25.927570702542845 ], [ -100.24245265615329, 25.927533839907216 ], [ -100.242367013783053, 25.927496977213739 ], [ -100.242281371464387, 25.927460114467515 ], [ -100.242195728605409, 25.927423251673591 ], [ -100.242110086389872, 25.927386388821851 ], [ -100.242024443634008, 25.927349525922413 ], [ -100.241938801521584, 25.927312662965157 ], [ -100.241853159460717, 25.92727579995513 ], [ -100.241767516859539, 25.927238936897417 ], [ -100.241681874901801, 25.927202073781892 ], [ -100.24151646934753, 25.927130877966448 ], [ -100.241486278122409, 25.927083322887192 ], [ -100.241464879935833, 25.927032726682782 ], [ -100.241436349450296, 25.926965265602224 ], [ -100.2414113848601, 25.926906237221356 ], [ -100.241386420887764, 25.926847208829727 ], [ -100.24136145634958, 25.926788180437509 ], [ -100.241336491837387, 25.926729152039588 ], [ -100.241311527948668, 25.926670124166133 ], [ -100.241286563488487, 25.926611095756876 ], [ -100.241261599646151, 25.926552067336861 ], [ -100.241236635237968, 25.926493038916242 ], [ -100.241211671447644, 25.926434010484883 ], [ -100.241186707091444, 25.926374982052906 ], [ -100.241161743353103, 25.926315953610182 ], [ -100.241136779048915, 25.926256925166861 ], [ -100.241111814770719, 25.926197896717852 ], [ -100.241086851110381, 25.926138868258089 ], [ -100.241061886884182, 25.92607983979774 ], [ -100.241036923275857, 25.926020811326627 ], [ -100.241011959101641, 25.925961782854905 ], [ -100.240986994947832, 25.925902753842312 ], [ -100.240962031417496, 25.925843725354184 ], [ -100.240937067321283, 25.925784696865428 ], [ -100.240908537463966, 25.92571723564766 ], [ -100.240865742152579, 25.925616044079792 ], [ -100.24083543102779, 25.925544371819928 ], [ -100.240810468867011, 25.92548534596315 ], [ -100.240785505531704, 25.925426318505259 ], [ -100.240760541613739, 25.925367289441166 ], [ -100.240735578939095, 25.925308263572425 ], [ -100.240710615670579, 25.92524923502712 ], [ -100.240685651836188, 25.92519020648119 ], [ -100.240660688011005, 25.925131176324005 ], [ -100.240635724228611, 25.925072147766716 ], [ -100.240610761069689, 25.925013119733897 ], [ -100.240585797931146, 25.924954091160185 ], [ -100.240560834226756, 25.924895062585868 ], [ -100.240535871140196, 25.924836034000812 ], [ -100.240510907487803, 25.924777005415155 ], [ -100.240485944453255, 25.924717976818737 ], [ -100.240460980852845, 25.924658948221712 ], [ -100.240436017870266, 25.924599919613968 ], [ -100.240411054321854, 25.924540891005584 ], [ -100.240386091391272, 25.924481862386465 ], [ -100.240361127894857, 25.924422833766751 ], [ -100.240336165016274, 25.924363805136277 ], [ -100.240311201577427, 25.924304777040383 ], [ -100.240286238750841, 25.924245748398576 ], [ -100.240261275358392, 25.924186719756136 ], [ -100.240236312583789, 25.924127691102953 ], [ -100.240211349243339, 25.92406866244918 ], [ -100.240194410034974, 25.924028606923216 ], [ -100.240177470844188, 25.923988551929842 ], [ -100.240160531665367, 25.92394849693386 ], [ -100.240143592498526, 25.923908441935264 ], [ -100.240126653338038, 25.923868386398858 ], [ -100.240109714195142, 25.923828331395022 ], [ -100.240092775064198, 25.923788276388567 ], [ -100.240075836531474, 25.923748220839258 ], [ -100.240058897424461, 25.923708165827598 ], [ -100.240041958329442, 25.923668110813313 ], [ -100.240009859048385, 25.923592207017418 ], [ -100.239984965075649, 25.923530112383173 ], [ -100.239957476665339, 25.923466869901826 ], [ -100.239929057717617, 25.923399431576382 ], [ -100.2399040357258, 25.923340423696519 ], [ -100.239871864202584, 25.923264555806011 ], [ -100.239839693319865, 25.923188688436227 ], [ -100.239807521882739, 25.923112820526875 ], [ -100.239782452384347, 25.923053785729451 ], [ -100.23975386946293, 25.922986325747843 ], [ -100.2397288635716, 25.922927311804237 ], [ -100.239707430985774, 25.922876728410795 ], [ -100.239686000764024, 25.922826142852138 ], [ -100.239664568216426, 25.92277555945034 ], [ -100.23964313568797, 25.92272497604435 ], [ -100.239621703178614, 25.922674392634189 ], [ -100.239600270688385, 25.922623809219836 ], [ -100.239578838217284, 25.922573225801308 ], [ -100.239557405765296, 25.922522642378603 ], [ -100.239535973332451, 25.922472058951694 ], [ -100.239514540918705, 25.922421475520625 ], [ -100.239493108524073, 25.922370892085372 ], [ -100.239471678493558, 25.922320306484899 ], [ -100.239450246137167, 25.922269723041286 ], [ -100.239428813799918, 25.922219139593494 ], [ -100.239407381481769, 25.922168556141518 ], [ -100.239385949182747, 25.922117972685356 ], [ -100.239364516902853, 25.92206738922502 ], [ -100.239343084642087, 25.922016805760499 ], [ -100.23932165240042, 25.921966222291797 ], [ -100.239300220155499, 25.921915636678136 ], [ -100.239278787952102, 25.921865053201078 ], [ -100.23925021407797, 25.921797608538235 ], [ -100.239220733729184, 25.92173613262494 ], [ -100.239196632533137, 25.92167114982346 ], [ -100.239143053475175, 25.921544691062319 ], [ -100.239119317655835, 25.9214886613474 ], [ -100.239096815068564, 25.921435547793884 ], [ -100.239074310135024, 25.921382434256024 ], [ -100.239051807589917, 25.921329320693292 ], [ -100.239029302698526, 25.921276207146207 ], [ -100.239006800195583, 25.92122309357428 ], [ -100.238984295346356, 25.921169980017961 ], [ -100.238961790518232, 25.921116866457051 ], [ -100.238939288078512, 25.92106375287127 ], [ -100.238916783292538, 25.921010639301148 ], [ -100.238894278527653, 25.920957525726404 ], [ -100.238871776151171, 25.920904412126802 ], [ -100.238843200393831, 25.920836967378349 ], [ -100.238639410895814, 25.920355971052654 ], [ -100.238585833080535, 25.92022951201978 ], [ -100.238532252995086, 25.920103050840233 ], [ -100.238503677641589, 25.920035606003495 ], [ -100.238482246148749, 25.919985022371041 ], [ -100.238460817042366, 25.919934438714193 ], [ -100.238439385587782, 25.919883855073387 ], [ -100.238417954152297, 25.91983327142842 ], [ -100.238396522735954, 25.919782687779261 ], [ -100.23837509133871, 25.91973210412592 ], [ -100.238353659960595, 25.919681520468405 ], [ -100.238332228579225, 25.919630934665921 ], [ -100.238310797239336, 25.919580351000047 ], [ -100.238289365918575, 25.919529767329987 ], [ -100.238267934616914, 25.919479183655749 ], [ -100.238246505701696, 25.919428599957108 ], [ -100.238225074438262, 25.919378016274493 ], [ -100.23820364319397, 25.919327432587718 ], [ -100.238182211968791, 25.919276848896761 ], [ -100.238160780740344, 25.919226263060839 ], [ -100.238139349553393, 25.919175679361523 ], [ -100.238110774667206, 25.919108234422595 ], [ -100.238079316129742, 25.919033984401363 ], [ -100.238047148762064, 25.918958053338503 ], [ -100.23766985607773, 25.918067512961645 ], [ -100.237508134309778, 25.91768578779077 ], [ -100.237456150119371, 25.917563084879198 ], [ -100.237348050826299, 25.917307926246778 ], [ -100.237311783578335, 25.917222317978215 ], [ -100.237290353148651, 25.917171734113332 ], [ -100.237268922738096, 25.91712115024427 ], [ -100.23724749234664, 25.917070566371027 ], [ -100.237226061974297, 25.91701998249361 ], [ -100.237204631621069, 25.916969398612007 ], [ -100.237183201286953, 25.916918814726209 ], [ -100.237161770971952, 25.916868230836261 ], [ -100.237140340676078, 25.916817646942118 ], [ -100.237118912744208, 25.916767060882812 ], [ -100.237097482486547, 25.916716476980323 ], [ -100.237076052248014, 25.916665893073645 ], [ -100.23705462202858, 25.916615309162797 ], [ -100.237033191828274, 25.91656472524777 ], [ -100.237011761647054, 25.916514141328562 ], [ -100.236990331484961, 25.916463557405176 ], [ -100.236968901341982, 25.916412973477609 ], [ -100.236947471218102, 25.916362389545853 ], [ -100.236926041091024, 25.916311803469153 ], [ -100.236904611005372, 25.916261219529041 ], [ -100.236883183306091, 25.916210635564564 ], [ -100.236861753258665, 25.916160051616103 ], [ -100.236840323230368, 25.916109467663471 ], [ -100.236818893221155, 25.916058883706654 ], [ -100.236797463231085, 25.916008299745666 ], [ -100.236776033260114, 25.91595771578049 ], [ -100.236754603285931, 25.915907129670359 ], [ -100.236733173353173, 25.915856545696833 ], [ -100.236711743439557, 25.915805961719123 ], [ -100.236690313545026, 25.915755377737241 ], [ -100.236668886036853, 25.91570479373096 ], [ -100.236647456180549, 25.915654209740726 ], [ -100.236626026343373, 25.915603625746304 ], [ -100.236604596525282, 25.915553041747707 ], [ -100.236583166726334, 25.915502457744932 ], [ -100.236561736924159, 25.915451871597192 ], [ -100.236540307163395, 25.915401287586057 ], [ -100.236518877421773, 25.915350703570752 ], [ -100.236497447699264, 25.915300119551265 ], [ -100.236476017995855, 25.915249535527597 ], [ -100.23645459067879, 25.91519895147956 ], [ -100.236433161013593, 25.915148367447518 ], [ -100.236411731367525, 25.915097783411323 ], [ -100.23639030174057, 25.915047199370949 ], [ -100.23636887211039, 25.914996613185608 ], [ -100.236343872108989, 25.914937598451573 ], [ -100.23629291353592, 25.914817314130669 ], [ -100.236337084551465, 25.91462546767233 ], [ -100.237802158981054, 25.91269520547711 ], [ -100.240041362442383, 25.90971815231325 ], [ -100.240033066690273, 25.909649502215228 ], [ -100.240114783729368, 25.909424022072493 ], [ -100.240237034888281, 25.909555809351989 ], [ -100.240265367934029, 25.909486425724285 ], [ -100.24032003966812, 25.909352543026444 ], [ -100.240331959757697, 25.909323413681431 ], [ -100.240352750713214, 25.909272612407076 ], [ -100.240373539284647, 25.909221811150299 ], [ -100.2403943302062, 25.909171009870594 ], [ -100.240415121110757, 25.909120208588206 ], [ -100.240435909608863, 25.909069405182603 ], [ -100.240456700479456, 25.90901860389485 ], [ -100.240477491333081, 25.908967802604423 ], [ -100.240535413305551, 25.908826263718733 ], [ -100.240649017721438, 25.908826261391727 ], [ -100.240709250378956, 25.90882526418461 ], [ -100.240769144226874, 25.908824918568158 ], [ -100.240829038073343, 25.908824572926946 ], [ -100.240888934307847, 25.90882422938153 ], [ -100.240948828151417, 25.90882388369085 ], [ -100.241008721993538, 25.908823537975426 ], [ -100.241068618201282, 25.908823192214999 ], [ -100.2411285120629, 25.908822848590884 ], [ -100.241188405900658, 25.908822502801257 ], [ -100.241248299736952, 25.908822156986879 ], [ -100.241308195961309, 25.908821813268279 ], [ -100.241368089794705, 25.908821467404419 ], [ -100.24142798362665, 25.908821121515839 ], [ -100.241487879846645, 25.908820777723022 ], [ -100.241547773675691, 25.908820431784953 ], [ -100.241607667503274, 25.908820085822157 ], [ -100.24166756371892, 25.908819741955121 ], [ -100.241727457543604, 25.908819395942835 ], [ -100.241787351366824, 25.908819049905809 ], [ -100.241847247578107, 25.908818705964556 ], [ -100.241907141398428, 25.908818359878062 ], [ -100.2419670352173, 25.908818013766826 ], [ -100.24202693142422, 25.908817669751357 ], [ -100.242086825240179, 25.908817323590657 ], [ -100.242146719054702, 25.908816977405198 ], [ -100.24220661525726, 25.908816633315503 ], [ -100.242266509068855, 25.908816287080572 ], [ -100.242326402879016, 25.908815940820922 ], [ -100.242386299054786, 25.90881559451622 ], [ -100.242446192884458, 25.908815250347853 ], [ -100.242506086690241, 25.908814904013973 ], [ -100.242565982861663, 25.908814557635079 ], [ -100.242625876686972, 25.9088142133925 ], [ -100.242685770488379, 25.908813866984396 ], [ -100.242745666655438, 25.908813520531282 ], [ -100.242805560476398, 25.908813176214487 ], [ -100.242865454273442, 25.90881282973217 ], [ -100.242925350436138, 25.908812483204819 ], [ -100.242985244252722, 25.908812138813833 ], [ -100.243045138045417, 25.9088117922573 ], [ -100.243105034203751, 25.908811445655729 ], [ -100.24316052036508, 25.908811126142055 ], [ -100.243318996754994, 25.908810210240382 ], [ -100.243379671154599, 25.908808452371186 ], [ -100.243445776921718, 25.908809478258782 ], [ -100.243604253293313, 25.908808562045365 ], [ -100.24372378993597, 25.908807870548877 ], [ -100.24378368373317, 25.908807525828085 ], [ -100.243843577506453, 25.908807178941771 ], [ -100.243903473645389, 25.908806832010427 ], [ -100.243963367438226, 25.908806487215422 ], [ -100.244023261207147, 25.908806140254896 ], [ -100.244083157341706, 25.908805793249311 ], [ -100.24414305113018, 25.908805448380114 ], [ -100.244202944894724, 25.908805101345369 ], [ -100.24426284102492, 25.908804754265574 ], [ -100.244322734809018, 25.908804409322137 ], [ -100.244382628569213, 25.908804062213193 ], [ -100.244442524695032, 25.908803715059179 ], [ -100.244502418474767, 25.908803370041525 ], [ -100.244562312230585, 25.908803022858372 ], [ -100.244622208352027, 25.908802675630135 ], [ -100.244682102127399, 25.908802330538272 ], [ -100.244741995878854, 25.908801983280885 ], [ -100.24480189199592, 25.908801635978453 ], [ -100.244861785766915, 25.90880129081237 ], [ -100.244921679513993, 25.908800943480767 ], [ -100.244981575626696, 25.908800596104097 ], [ -100.245041469370861, 25.908800248723033 ], [ -100.245101363136044, 25.908799903458004 ], [ -100.245161259244369, 25.908799556007111 ], [ -100.245221152984158, 25.908799208551837 ], [ -100.245281046744978, 25.908798863212585 ], [ -100.245340942848912, 25.908798515687479 ], [ -100.245400836584324, 25.908798168157972 ], [ -100.245460730340767, 25.908797822744507 ], [ -100.245520626440353, 25.908797475145203 ], [ -100.245580520171387, 25.908797127541476 ], [ -100.245640413923454, 25.908796782053798 ], [ -100.245700307651575, 25.908796434400617 ], [ -100.245760203745334, 25.908796086702335 ], [ -100.245820097493024, 25.908795741140441 ], [ -100.245879991216782, 25.90879539341303 ], [ -100.245939887306136, 25.908795045640549 ], [ -100.245999781049463, 25.908794700004439 ], [ -100.246084976179205, 25.908786723744996 ], [ -100.246119570853821, 25.908794004356093 ], [ -100.246179464592785, 25.908793658645784 ], [ -100.246239358307776, 25.908793310769944 ], [ -100.24629925438839, 25.908792962849013 ], [ -100.246359148122977, 25.908792617064474 ], [ -100.246508884763855, 25.908791747122599 ], [ -100.246598628267705, 25.908791225394825 ], [ -100.246598303219798, 25.908765036057417 ], [ -100.246697573983084, 25.908771672043926 ], [ -100.246838048072348, 25.908771152251443 ], [ -100.246925465995531, 25.908770829094681 ], [ -100.247018745703087, 25.908770483830121 ], [ -100.247105223240496, 25.908770163301689 ], [ -100.247200644672418, 25.908769810200486 ], [ -100.247286290726834, 25.908769492970752 ], [ -100.247376126734096, 25.908769160512644 ], [ -100.247462835659206, 25.908768839385576 ], [ -100.247556005273168, 25.908768494187303 ], [ -100.247644159961169, 25.908768167468079 ], [ -100.247736082054615, 25.908767827002912 ], [ -100.247824817291743, 25.908767497853237 ], [ -100.247905041249027, 25.908767200701877 ], [ -100.247994501438853, 25.90876686895453 ], [ -100.248085345850015, 25.908766532192868 ], [ -100.248172961389628, 25.908766207117459 ], [ -100.248265537405118, 25.908765863897653 ], [ -100.248353266564393, 25.908765538270163 ], [ -100.248370622174932, 25.908697723917253 ], [ -100.248431271320314, 25.908397410894874 ], [ -100.248495849206009, 25.908077641641594 ], [ -100.248552400032537, 25.907797619598355 ], [ -100.249622899971101, 25.902823832969524 ], [ -100.250344111229296, 25.899115654645467 ], [ -100.250291284082849, 25.898964121317842 ], [ -100.250616844101984, 25.897237540542204 ], [ -100.251491469328343, 25.893367261435351 ], [ -100.251604238554052, 25.89280099589093 ], [ -100.254107664254406, 25.880935843677221 ], [ -100.254146755009131, 25.880748482822852 ], [ -100.254189427473804, 25.880624391131583 ], [ -100.254213567932894, 25.880545064761169 ], [ -100.254258197514446, 25.880457710290447 ], [ -100.254499747137913, 25.880357946165912 ], [ -100.25427211368941, 25.879816978472089 ], [ -100.252273563690451, 25.875077124202743 ], [ -100.253197059438321, 25.874772848760159 ], [ -100.255809415389265, 25.873912084298794 ], [ -100.255965982665458, 25.87385083247667 ], [ -100.256119381318598, 25.873783337390488 ], [ -100.256269307338869, 25.873709732807352 ], [ -100.256415463600447, 25.873630164602247 ], [ -100.256557560450403, 25.873544790468852 ], [ -100.256695316282844, 25.873453779606994 ], [ -100.256828458097061, 25.873357312387171 ], [ -100.256956722038552, 25.873255579993071 ], [ -100.257079784916996, 25.873148846665483 ], [ -100.257197478018696, 25.873037266864589 ], [ -100.257309568379014, 25.872921061469782 ], [ -100.257415834126178, 25.872800460516363 ], [ -100.257516064920594, 25.872675702740075 ], [ -100.257610062370929, 25.872547035104503 ], [ -100.259270621921388, 25.869951686098318 ], [ -100.259288575488142, 25.869490240573228 ], [ -100.258782630866577, 25.86948138584625 ], [ -100.258768549068094, 25.869479939132855 ], [ -100.258754935789284, 25.869476373555447 ], [ -100.258742177681867, 25.869470790385488 ], [ -100.258730637108442, 25.869463348199179 ], [ -100.258720641850417, 25.869454258373505 ], [ -100.258712475798063, 25.869443779082559 ], [ -100.258706370887438, 25.869432207964671 ], [ -100.258702500512783, 25.869419873668772 ], [ -100.25870513270354, 25.869122912674307 ], [ -100.258723335781966, 25.867324828974866 ], [ -100.258732862885722, 25.866383820893535 ], [ -100.258749649116396, 25.864725852416875 ], [ -100.258750618075169, 25.864630137410874 ], [ -100.259448575813678, 25.864636673820581 ], [ -100.259615432636622, 25.86463880557967 ], [ -100.26253946345426, 25.864676169331702 ], [ -100.266111686177894, 25.864720864043594 ], [ -100.266946403883694, 25.864725152193294 ], [ -100.267228522257867, 25.864736031873985 ], [ -100.267506182288344, 25.864746739052482 ], [ -100.268674096075145, 25.863367311774979 ], [ -100.269161676952763, 25.863296292038225 ], [ -100.269303340264884, 25.863288553281613 ], [ -100.269465544037615, 25.862984285338527 ], [ -100.269528959893464, 25.862954495523141 ], [ -100.269590488914815, 25.862921625929275 ], [ -100.269649948560144, 25.862885774074009 ], [ -100.269729264887275, 25.862829708924835 ], [ -100.269804387067296, 25.862769099371775 ], [ -100.269874997597626, 25.862704201585821 ], [ -100.269940798046022, 25.862635289862059 ], [ -100.269988853645842, 25.862597062939987 ], [ -100.270041174021287, 25.862563733098256 ], [ -100.270097152400751, 25.862535686868352 ], [ -100.270156139591734, 25.86251324950657 ], [ -100.270217451509382, 25.862496681222044 ], [ -100.270291750125239, 25.862475597570477 ], [ -100.270364084977516, 25.862449516324645 ], [ -100.270434046062547, 25.8624185853174 ], [ -100.270501236832487, 25.862382979870642 ], [ -100.270565276443051, 25.862342901801483 ], [ -100.270625801912288, 25.862298578278253 ], [ -100.271349564920769, 25.861531921617203 ], [ -100.271495950959761, 25.861372065383726 ], [ -100.271637075787623, 25.861208382093253 ], [ -100.271772817264932, 25.861041013435521 ], [ -100.271903057913732, 25.860870104289752 ], [ -100.272027685019239, 25.860695802599231 ], [ -100.272146590727289, 25.860518259243221 ], [ -100.27224623125359, 25.860359746080071 ], [ -100.272344210256648, 25.860193976580192 ], [ -100.27243724372066, 25.860025890843104 ], [ -100.272525264833376, 25.859855609619036 ], [ -100.27260821038422, 25.859683255234856 ], [ -100.272686020809516, 25.859508951506182 ], [ -100.27275864023531, 25.859332823648433 ], [ -100.272832305134557, 25.859137544038195 ], [ -100.272899638330458, 25.858940402087722 ], [ -100.272960582468869, 25.858741565815677 ], [ -100.273015085641603, 25.858541204683867 ], [ -100.27306310143058, 25.858339489452828 ], [ -100.273076503294121, 25.858307531912914 ], [ -100.273084019882774, 25.858274034635681 ], [ -100.273085453523763, 25.858239878561935 ], [ -100.273080766519172, 25.858205961957289 ], [ -100.273070082136897, 25.858173176788885 ], [ -100.273034023181594, 25.858134071473899 ], [ -100.272993824621139, 25.858098423196399 ], [ -100.27294988911072, 25.85806658903013 ], [ -100.272901992513923, 25.858021798339532 ], [ -100.272859198055016, 25.857972961820163 ], [ -100.272821920859428, 25.857920553215124 ], [ -100.2727905225304, 25.857865080918302 ], [ -100.272765307641421, 25.857807083042477 ], [ -100.27274652078188, 25.857747122199257 ], [ -100.272734344184812, 25.857685780041326 ], [ -100.272728895959418, 25.857623651619985 ], [ -100.272730228945775, 25.857561339612793 ], [ -100.272729498784727, 25.857539114846972 ], [ -100.272724888320624, 25.857517275086256 ], [ -100.272716513889705, 25.857496371405347 ], [ -100.272704586802661, 25.857476931258898 ], [ -100.272689408012639, 25.85745944517252 ], [ -100.27267136052123, 25.857444354365629 ], [ -100.27265089971425, 25.857432039618374 ], [ -100.272628541871228, 25.857422811663632 ], [ -100.272604851138411, 25.857416903346532 ], [ -100.272609101309939, 25.857330922556788 ], [ -100.272630297482834, 25.85725555535614 ], [ -100.272724712685374, 25.857280455738913 ], [ -100.272747714392267, 25.857281962997607 ], [ -100.272770698759601, 25.85728025285222 ], [ -100.272793119321989, 25.857275365962384 ], [ -100.272814443018959, 25.85726741851656 ], [ -100.272834162868818, 25.857256599469437 ], [ -100.272851810022559, 25.85724316604944 ], [ -100.272866964911003, 25.857227437642955 ], [ -100.272905123803724, 25.857185084979186 ], [ -100.272947179971155, 25.857145869938901 ], [ -100.272992819599764, 25.857110085132145 ], [ -100.273041702138343, 25.857077997573342 ], [ -100.273093462839071, 25.857049846689009 ], [ -100.273119968785281, 25.85704104292979 ], [ -100.273144417061815, 25.857028262488221 ], [ -100.27316608544993, 25.85701188290777 ], [ -100.273184333851489, 25.856992388052856 ], [ -100.273198623197928, 25.856970353814987 ], [ -100.273208531374678, 25.856946431100447 ], [ -100.273213765690414, 25.856921326601974 ], [ -100.273213471051207, 25.856845009875936 ], [ -100.273145130517037, 25.853457161201586 ], [ -100.273134997350255, 25.853382644339572 ], [ -100.27311740299244, 25.853309272763447 ], [ -100.273092493811575, 25.853237656797127 ], [ -100.273060477021133, 25.85316839215989 ], [ -100.273021618956122, 25.853102055011103 ], [ -100.272976242857283, 25.853039197157742 ], [ -100.272948257979493, 25.853002310981481 ], [ -100.272915201454339, 25.852969037386647 ], [ -100.27287763655616, 25.852939943342715 ], [ -100.272836203378873, 25.852915524600895 ], [ -100.272791607928994, 25.852896197246857 ], [ -100.272643711284488, 25.852867087556749 ], [ -100.272638482955742, 25.852573228798715 ], [ -100.272711580103874, 25.852532667905262 ], [ -100.272780945841106, 25.852487056460991 ], [ -100.272846154886764, 25.852436674112642 ], [ -100.272906807446546, 25.852381829757185 ], [ -100.272962531663836, 25.852322859647902 ], [ -100.273012985899371, 25.85226012533267 ], [ -100.273057860825844, 25.852194011437216 ], [ -100.273096881324165, 25.852124923306825 ], [ -100.273129808170125, 25.852053284521102 ], [ -100.273134528706052, 25.851888959959897 ], [ -100.273145772080227, 25.851724895008992 ], [ -100.273163523742781, 25.851561301587747 ], [ -100.273187760737414, 25.85139839100556 ], [ -100.273218451731211, 25.851236373688966 ], [ -100.27325588595599, 25.85107438609926 ], [ -100.273299731378003, 25.85091372082363 ], [ -100.273349931294973, 25.850754585543896 ], [ -100.27340642079119, 25.85059718596326 ], [ -100.273469126821766, 25.850441725540495 ], [ -100.273537968306982, 25.850288405226941 ], [ -100.273612856237321, 25.850137423206814 ], [ -100.273693693788587, 25.849988974641001 ], [ -100.273780376447192, 25.849843251414882 ], [ -100.27383481643389, 25.849749236732848 ], [ -100.273849179796329, 25.849710018919112 ], [ -100.273856887734638, 25.849669296597209 ], [ -100.273857766268421, 25.849627988971346 ], [ -100.273851795574075, 25.849587028456586 ], [ -100.273839110431652, 25.849547339631869 ], [ -100.273819997182045, 25.849509818370137 ], [ -100.273794887262852, 25.849475311616423 ], [ -100.273764347469537, 25.849444598270416 ], [ -100.27372906716117, 25.849418371605065 ], [ -100.27368984269981, 25.849397223617974 ], [ -100.273647559474853, 25.84938163166882 ], [ -100.273603171917912, 25.849371947704419 ], [ -100.273511640623752, 25.849097275375641 ], [ -100.273559194285212, 25.849089330586839 ], [ -100.273604713384316, 25.849074560244496 ], [ -100.273647009745318, 25.849053349896433 ], [ -100.273682357042318, 25.849028431947847 ], [ -100.273713197539251, 25.848999018713201 ], [ -100.273738840141448, 25.848965769307718 ], [ -100.273758710234304, 25.848929428809928 ], [ -100.27378956536964, 25.848869623886998 ], [ -100.273827145063748, 25.848813056807636 ], [ -100.273871039460644, 25.848760344495872 ], [ -100.273920769837659, 25.848712061834608 ], [ -100.273970588866106, 25.848672457449197 ], [ -100.274024334144698, 25.848637306677656 ], [ -100.274081521208061, 25.848606926370163 ], [ -100.274141634567641, 25.848581590375524 ], [ -100.274204132358435, 25.848561527072725 ], [ -100.274250522603182, 25.848552539891472 ], [ -100.27429487053125, 25.848537291900708 ], [ -100.274336150650953, 25.848516135692204 ], [ -100.274373408411364, 25.848489560477898 ], [ -100.274405782275451, 25.848458180777282 ], [ -100.27443252364202, 25.848422722207076 ], [ -100.274453014156109, 25.848384004702105 ], [ -100.274466780007273, 25.848342923555037 ], [ -100.274528987715314, 25.848141668341732 ], [ -100.274585126688251, 25.847938957434092 ], [ -100.274635155470861, 25.847734940635384 ], [ -100.274679037123903, 25.847529768713144 ], [ -100.27471673925136, 25.847323593287744 ], [ -100.274748234024258, 25.847116566720342 ], [ -100.274773652999443, 25.846907011267167 ], [ -100.274792705928277, 25.846696903441412 ], [ -100.274805378488139, 25.846486401560867 ], [ -100.274811661164208, 25.846275664239446 ], [ -100.274811549256469, 25.84606485026762 ], [ -100.274805042883315, 25.845854118492788 ], [ -100.27479214698117, 25.845643627699559 ], [ -100.27477287130074, 25.845433536490173 ], [ -100.274747230399612, 25.845224003164951 ], [ -100.27471149325666, 25.844978933087773 ], [ -100.274705890482949, 25.844931694511612 ], [ -100.274498353058064, 25.843465820545354 ], [ -100.274411485780973, 25.842852244349135 ], [ -100.274404059407786, 25.842827052593783 ], [ -100.274392005941252, 25.842803371019304 ], [ -100.274375676682055, 25.842781889824856 ], [ -100.274355547548083, 25.842763235079222 ], [ -100.274332205203535, 25.842747950474205 ], [ -100.27430632996078, 25.842736481478841 ], [ -100.274278675952601, 25.842729162356346 ], [ -100.27421331843199, 25.842699517420861 ], [ -100.274151743712096, 25.842663852277781 ], [ -100.274094626540801, 25.842622557754343 ], [ -100.274042592817224, 25.842576086365579 ], [ -100.273996212732968, 25.842524947355365 ], [ -100.273955994523746, 25.842469701115874 ], [ -100.273922378900309, 25.842410953046443 ], [ -100.273910751389295, 25.842391950098687 ], [ -100.273895915921699, 25.842374873882989 ], [ -100.273878254190976, 25.842360163742406 ], [ -100.273858220605206, 25.842348198144613 ], [ -100.273836330595898, 25.84233928494465 ], [ -100.273813147356861, 25.842333653464394 ], [ -100.273789267354246, 25.842331448592489 ], [ -100.2737653049806, 25.842332727056704 ], [ -100.273703504131404, 25.842256819025646 ], [ -100.273660422421756, 25.8421819259469 ], [ -100.273740394894673, 25.842171789826139 ], [ -100.273764073776732, 25.84216674521873 ], [ -100.273786593145516, 25.8421584198048 ], [ -100.27380740162485, 25.842147017428395 ], [ -100.273825989729275, 25.842132817271477 ], [ -100.273841902338731, 25.842116167018261 ], [ -100.273854749841817, 25.842097474342236 ], [ -100.273864217675282, 25.842077196924407 ], [ -100.27387007402578, 25.842055831247173 ], [ -100.273872175505574, 25.842033900438121 ], [ -100.273889015754165, 25.841970685183757 ], [ -100.273912944389195, 25.841909370200217 ], [ -100.273943708128328, 25.841850604472889 ], [ -100.273980981344735, 25.841795010003676 ], [ -100.27402436951408, 25.841743175227645 ], [ -100.274073413390568, 25.84169564878491 ], [ -100.274127593867988, 25.841652933713714 ], [ -100.274148616277088, 25.841640732038314 ], [ -100.274167219512393, 25.841625652948995 ], [ -100.274182927475906, 25.841608082353932 ], [ -100.274195338166749, 25.841588469924389 ], [ -100.27420413396915, 25.841567317586563 ], [ -100.274209089780882, 25.841545166676045 ], [ -100.274210078773891, 25.841522584083844 ], [ -100.274207075639922, 25.841500147748331 ], [ -100.274175716063908, 25.841380583777038 ], [ -100.274139317226783, 25.841262194862075 ], [ -100.274097932594785, 25.841145154856829 ], [ -100.274051622955227, 25.84102963563334 ], [ -100.273641649736859, 25.84006791769065 ], [ -100.273586181123633, 25.839937797963039 ], [ -100.273132596544684, 25.838872477543752 ], [ -100.273126246876259, 25.838850172433474 ], [ -100.27312261001542, 25.838827375427311 ], [ -100.27302928269485, 25.838614928333552 ], [ -100.27284945653426, 25.838205575934218 ], [ -100.269121544380496, 25.838849590987653 ] ] ] ] } },
{ "type": "Feature", "properties": { "F_ING": "2017-08-01", "CODIGO_MS": "5", "NOM_MS": "Las Puentes", "TIP_INFO": "PLANO DE SECTORIZACION", "CONS_ZP": "CANADA I", "ESTADO_MS": "EN OPERACION 0111", "ID_MEDIDOR": null, "Q_MEDIO": 92.51, "Q_FACTURAD": 0.0, "MARCA_CONT": "TRITON-NEPTUNO", "MARCA_VAL": "DOROT", "P_MIN": 0.0, "P_MAX": 0.0, "P_ENTRADA": 0.0, "P_SALIDA": 0.0, "LONG_RED": 0.0, "CANT_TOMAS": 14000.0, "CANT_MEDID": 13042.0, "PORCENTAJE": 0.0, "GASTO_MEDI": 145.86, "NUMERO_CIR": 29, "TOMAS_NS": 0.0, "MEDIDORES_": 0.0, "DIAM_VAL": "8\"", "CLORO": 0.0, "PH_H2O": 0.0, "TEMP_AGUA": 0, "RESP_MS": "SN-JORGE LUIS TREVIÑO RODRIGUEZ", "FECHA_PRUE": null, "REF_DIR_ME": "Republica Mexicana c/c Santa Gertrudis, Col Las Puentes", "TIP_MODI": null, "CONS_M3_US": 0.0, "CREATED_US": "AUXILIARGIS5", "CREATED_DA": "2019-07-18", "LAST_EDITE": "AUX_GIS5", "LAST_EDI_1": "2025-10-28", "Shape_Leng": 24739.095480799999, "Shape_Area": 6027435.344229999 }, "geometry": { "type": "MultiPolygon", "coordinates": [ [ [ [ -100.256429059335005, 25.727488733216223 ], [ -100.255902605578967, 25.727825666081717 ], [ -100.255705265713416, 25.727968346237024 ], [ -100.255837150754033, 25.728139631644304 ], [ -100.255903850379781, 25.728226257189647 ], [ -100.256664949261989, 25.728982676268664 ], [ -100.25667943366328, 25.729631917969819 ], [ -100.256628503539318, 25.730265811830204 ], [ -100.256670818931184, 25.730317938164383 ], [ -100.256861546033448, 25.730392752846207 ], [ -100.257305231236742, 25.730450079267737 ], [ -100.257677769715016, 25.73056344147567 ], [ -100.258472591995144, 25.730730947870185 ], [ -100.25848750408278, 25.730874148910633 ], [ -100.258499986835304, 25.730956119643885 ], [ -100.258468487526102, 25.7311186573051 ], [ -100.258456782244224, 25.731179049464235 ], [ -100.25843966859415, 25.731263679694568 ], [ -100.258427115741128, 25.73126585903044 ], [ -100.258287636985997, 25.731569321393671 ], [ -100.258287949125645, 25.73157253236419 ], [ -100.258305891361999, 25.73175714287542 ], [ -100.258352586195628, 25.731883735560299 ], [ -100.258398047496797, 25.732006984978032 ], [ -100.25838254811633, 25.732080834078463 ], [ -100.258021385856992, 25.73256311520127 ], [ -100.257579764195029, 25.732747535984725 ], [ -100.257527293948243, 25.732788533389019 ], [ -100.25733008578176, 25.73299664257609 ], [ -100.257314369496655, 25.733061125427469 ], [ -100.257228501290456, 25.733349992861367 ], [ -100.257228776745151, 25.733350168188437 ], [ -100.257228610196918, 25.733350233856367 ], [ -100.25726216900452, 25.733424313516959 ], [ -100.256859461284421, 25.736361442680806 ], [ -100.257307427366769, 25.737411436065205 ], [ -100.257548215233314, 25.737315171378768 ], [ -100.258807781719625, 25.736836093317986 ], [ -100.259065992542844, 25.73673731727752 ], [ -100.25942305425869, 25.736600726298729 ], [ -100.259893916447851, 25.736413936799416 ], [ -100.261135822320554, 25.735920830632914 ], [ -100.261606153706239, 25.735735278905075 ], [ -100.261985727957153, 25.735592255381921 ], [ -100.262000521974841, 25.735586034416965 ], [ -100.262068829719468, 25.735560941890594 ], [ -100.262237241613235, 25.735497483652676 ], [ -100.262535346821039, 25.735385156007894 ], [ -100.262854001679898, 25.73525741415461 ], [ -100.263549742989341, 25.734948981714957 ], [ -100.263682947326814, 25.734894952247689 ], [ -100.263683049713833, 25.734894910680175 ], [ -100.263775047509128, 25.734987211824148 ], [ -100.263783832923139, 25.735039367761438 ], [ -100.263838081262691, 25.735385023986197 ], [ -100.263779293736945, 25.73540374122301 ], [ -100.263609942189632, 25.73547464564405 ], [ -100.263681796316192, 25.735561861639955 ], [ -100.263792861302647, 25.735726343233136 ], [ -100.263820676434293, 25.735726319745677 ], [ -100.26386218703216, 25.735723831405771 ], [ -100.263865652389697, 25.735761541509536 ], [ -100.263892242183118, 25.735974919122327 ], [ -100.263913103869456, 25.73608873633609 ], [ -100.263923655783415, 25.736146306533701 ], [ -100.26395361720553, 25.736311857286193 ], [ -100.263957403803403, 25.736327303950439 ], [ -100.263933615719026, 25.736336132230438 ], [ -100.26387837441257, 25.73635666429897 ], [ -100.263837854798652, 25.736369112607026 ], [ -100.263822713811322, 25.736373761518415 ], [ -100.263818786262661, 25.736377672970772 ], [ -100.263780947969167, 25.736415668115388 ], [ -100.263734714442506, 25.736462272307179 ], [ -100.263726467131747, 25.736470561068899 ], [ -100.263688552552154, 25.736508556852591 ], [ -100.263646397730795, 25.736550963502633 ], [ -100.263640929711713, 25.73655651334359 ], [ -100.263608102782882, 25.736589598982434 ], [ -100.263596851864918, 25.736600876956121 ], [ -100.263569338319428, 25.736628377156315 ], [ -100.263550616310724, 25.736647302870704 ], [ -100.26352988621089, 25.736668186295475 ], [ -100.263502912382478, 25.73669525788128 ], [ -100.26348927490092, 25.736708918086741 ], [ -100.263455907315006, 25.736742466024467 ], [ -100.263448894934129, 25.736749510835715 ], [ -100.26340936117208, 25.736789038573725 ], [ -100.263405197861232, 25.736793235209447 ], [ -100.263371369583425, 25.736827315419724 ], [ -100.26336019662142, 25.736838592699904 ], [ -100.263336154585289, 25.73686282125405 ], [ -100.263315732655698, 25.736883346568835 ], [ -100.263292459436386, 25.736906791260207 ], [ -100.263268725484636, 25.736930593211152 ], [ -100.2632518491978, 25.73694752779663 ], [ -100.263221870882802, 25.736977517363925 ], [ -100.26321154384901, 25.736987870943231 ], [ -100.263176641762243, 25.737023301232743 ], [ -100.263172093520993, 25.737027926726736 ], [ -100.263131018673604, 25.737069052107515 ], [ -100.263094719716065, 25.737105342333358 ], [ -100.263083313964884, 25.737116797175155 ], [ -100.263052336108601, 25.73714789264632 ], [ -100.26303553700329, 25.737164754814788 ], [ -100.263014573602135, 25.737185779358857 ], [ -100.262980591699318, 25.737219827094176 ], [ -100.262953466247865, 25.737247113999445 ], [ -100.262936901993015, 25.737263833349132 ], [ -100.262930690652311, 25.737265934014868 ], [ -100.262870781914955, 25.737256893833575 ], [ -100.262812122507952, 25.737248022640824 ], [ -100.262767896635438, 25.737241526994723 ], [ -100.262756275012592, 25.737239829298492 ], [ -100.262698705245171, 25.737230946471833 ], [ -100.262638562558934, 25.737221910363065 ], [ -100.262638526736851, 25.737222099618023 ], [ -100.262638383802852, 25.737221883544215 ], [ -100.262628579193759, 25.737220444671387 ], [ -100.262576237082598, 25.737212505626914 ], [ -100.262554942922321, 25.737209339524096 ], [ -100.262516901994957, 25.737206072362035 ], [ -100.262491378275385, 25.737200613488703 ], [ -100.262419098596624, 25.737185229473699 ], [ -100.26235495722527, 25.737177178513846 ], [ -100.26232336512345, 25.737341963500626 ], [ -100.262125240751729, 25.737315279889188 ], [ -100.262122862265471, 25.737371410039756 ], [ -100.26206096330678, 25.737844440230038 ], [ -100.261991846036324, 25.73837266187342 ], [ -100.262137594826925, 25.738345826686349 ], [ -100.26254217540793, 25.738271039454048 ], [ -100.262567496429725, 25.738267137418291 ], [ -100.262575444919037, 25.738264889500527 ], [ -100.262590464288508, 25.738336672717743 ], [ -100.262590423317263, 25.738336766206977 ], [ -100.262590498514143, 25.738336835673291 ], [ -100.262592345225897, 25.738345663654002 ], [ -100.262581978921418, 25.738347619408835 ], [ -100.26148119329558, 25.738555289083642 ], [ -100.261292354246095, 25.738590913644586 ], [ -100.261271240998397, 25.73859449319826 ], [ -100.260430379555601, 25.738738087517362 ], [ -100.260125770119998, 25.738790104692789 ], [ -100.260067139308802, 25.738815156533054 ], [ -100.259885417584272, 25.738892803096999 ], [ -100.259578534132643, 25.739023929490607 ], [ -100.259444357566437, 25.739081260928106 ], [ -100.259428738930453, 25.739091552957873 ], [ -100.258967138988993, 25.739395699008444 ], [ -100.258856152761012, 25.739468827656829 ], [ -100.258563639435593, 25.739661562856991 ], [ -100.258302703232189, 25.739833489138213 ], [ -100.258274005311378, 25.73995426228802 ], [ -100.258370177055781, 25.740079649554971 ], [ -100.258370184276615, 25.740079661803414 ], [ -100.258337120535231, 25.740100032868149 ], [ -100.258310637280758, 25.740116353544629 ], [ -100.258253073523335, 25.740152365484466 ], [ -100.258197456267709, 25.74018836165715 ], [ -100.258029819845717, 25.740295712384707 ], [ -100.257698047809583, 25.740512727461777 ], [ -100.257633618319787, 25.740554871443987 ], [ -100.257626330812471, 25.740559638182429 ], [ -100.257625671662922, 25.740560068330467 ], [ -100.257369102452586, 25.740724634637637 ], [ -100.257369091298074, 25.740724641692239 ], [ -100.257345306543996, 25.740739533325907 ], [ -100.257276599012954, 25.740782554437608 ], [ -100.257269140573101, 25.740786636974409 ], [ -100.256952198601198, 25.740710802261901 ], [ -100.256890415834064, 25.740747166962521 ], [ -100.256714159462959, 25.74084753489835 ], [ -100.256702844576097, 25.740855472396031 ], [ -100.256703574083602, 25.740855943547615 ], [ -100.256708423145824, 25.741098474452485 ], [ -100.256716201213578, 25.741499206980386 ], [ -100.256717899947688, 25.741562822755323 ], [ -100.256726333810505, 25.741878694750643 ], [ -100.256798804713611, 25.741897605588775 ], [ -100.256960779677712, 25.741939871550837 ], [ -100.257432421463889, 25.742038930634752 ], [ -100.257692532121979, 25.742085927901488 ], [ -100.257740872424151, 25.742090526290873 ], [ -100.257843469494674, 25.742100285856708 ], [ -100.258098774750977, 25.742124078901334 ], [ -100.258258177921348, 25.742138915671138 ], [ -100.258674856603065, 25.742164443531646 ], [ -100.259103947451379, 25.742193220527852 ], [ -100.259191822142199, 25.742206316871314 ], [ -100.259585440399604, 25.742246626080583 ], [ -100.259988989050498, 25.742259113617283 ], [ -100.260923163414176, 25.742193507921471 ], [ -100.261061336245717, 25.742194199371415 ], [ -100.261067122388283, 25.742138245286316 ], [ -100.26108507698298, 25.741994724391986 ], [ -100.261102480699961, 25.741857693927095 ], [ -100.261098040572918, 25.741858085642562 ], [ -100.261108400726656, 25.741754691529742 ], [ -100.261109724427328, 25.741754680067373 ], [ -100.261123402355949, 25.741655985114434 ], [ -100.261134440923428, 25.741558020084554 ], [ -100.261195721346311, 25.741562889585868 ], [ -100.261206774449434, 25.741563766421944 ], [ -100.26125641959618, 25.741567698266895 ], [ -100.261259469297443, 25.74156794001739 ], [ -100.262607674104558, 25.741698003594138 ], [ -100.263010459070244, 25.741360224161667 ], [ -100.264614961883296, 25.741514930911087 ], [ -100.264766902151621, 25.741529580210756 ], [ -100.264772281013592, 25.741525306607603 ], [ -100.265005142241577, 25.741340283390937 ], [ -100.265005163328198, 25.741340265544434 ], [ -100.265288720443763, 25.741105735995465 ], [ -100.265511280387514, 25.74092456753899 ], [ -100.265823051478847, 25.740674078953621 ], [ -100.266231144795782, 25.74033823806888 ], [ -100.266654088152094, 25.740011293441352 ], [ -100.267112229428832, 25.739385703944372 ], [ -100.267215718289023, 25.73924658902941 ], [ -100.267311534969011, 25.73909032654527 ], [ -100.267458366559595, 25.738880998315018 ], [ -100.267682679366771, 25.738520067212821 ], [ -100.267910130501008, 25.738157335710998 ], [ -100.268153219106466, 25.737785244788789 ], [ -100.268373410162269, 25.737444036772267 ], [ -100.268714667623243, 25.73748336724983 ], [ -100.268965359413755, 25.737512259596269 ], [ -100.269240162257972, 25.737543930786494 ], [ -100.269281556661468, 25.737547650827473 ], [ -100.269709528592784, 25.737598023968385 ], [ -100.270493533952646, 25.737688373657789 ], [ -100.271651220792322, 25.737821778825083 ], [ -100.271501323100566, 25.738325038333862 ], [ -100.271383270397621, 25.738709585023489 ], [ -100.271267064899362, 25.739090403523814 ], [ -100.271188956918678, 25.739354040153362 ], [ -100.271329516561863, 25.739387597706919 ], [ -100.271512064447734, 25.739431179408939 ], [ -100.271527272943288, 25.739379117019887 ], [ -100.271557728656262, 25.739274858086052 ], [ -100.271580357134255, 25.739201889803564 ], [ -100.271600560035409, 25.739132458230067 ], [ -100.271622009038978, 25.739062392740887 ], [ -100.27164408386318, 25.738990272839843 ], [ -100.271665120738888, 25.738919247489129 ], [ -100.271684243344197, 25.738854711116989 ], [ -100.271706890894222, 25.738782215811657 ], [ -100.271725577438545, 25.738718912180303 ], [ -100.271747697521548, 25.738643948609969 ], [ -100.271768231506513, 25.738578766164974 ], [ -100.271789192080632, 25.738508358073368 ], [ -100.271810070603266, 25.738437794401701 ], [ -100.271829543488124, 25.738371978911406 ], [ -100.271851326224152, 25.738301976846387 ], [ -100.271871938764349, 25.738228195412358 ], [ -100.271892321940783, 25.738162404079958 ], [ -100.271914395328665, 25.738091288284402 ], [ -100.271936718355207, 25.73801631220875 ], [ -100.271967837392381, 25.737911805464428 ], [ -100.271763067795703, 25.73792348074733 ], [ -100.271793075586842, 25.737817663806652 ], [ -100.272288209908183, 25.737803299846455 ], [ -100.272605937105411, 25.737791935983367 ], [ -100.272993504065653, 25.737458927100025 ], [ -100.273067153130313, 25.737463268730902 ], [ -100.27314709345184, 25.737456776429294 ], [ -100.273228127324444, 25.737456742508986 ], [ -100.273251126206105, 25.737456146445751 ], [ -100.273308351650911, 25.737454664535338 ], [ -100.273320737307699, 25.737454344298609 ], [ -100.273316699812113, 25.737274117989067 ], [ -100.273315495166571, 25.737220358717359 ], [ -100.273370744496475, 25.73721778608952 ], [ -100.273366420560791, 25.737142775148342 ], [ -100.273824759091255, 25.736768965667171 ], [ -100.273824739892859, 25.736766555060541 ], [ -100.273823975708623, 25.736672422710399 ], [ -100.273865865085881, 25.736669819010615 ], [ -100.273900994796634, 25.736631720311795 ], [ -100.273897657017997, 25.736583827331071 ], [ -100.273728734348069, 25.736591179542366 ], [ -100.273726354405682, 25.736498862974692 ], [ -100.273647413328803, 25.73650145876805 ], [ -100.273643783515354, 25.736411077891116 ], [ -100.273788343321144, 25.736410641268442 ], [ -100.273711264190496, 25.736291802656361 ], [ -100.273766468469688, 25.73623864469463 ], [ -100.27373038536939, 25.736178650721577 ], [ -100.273950240804297, 25.736078350829356 ], [ -100.27399890667418, 25.736158679709 ], [ -100.274042846238515, 25.736231207399062 ], [ -100.274084350798631, 25.736297500348794 ], [ -100.274113732279531, 25.736342833956918 ], [ -100.274124349229112, 25.736359986902112 ], [ -100.274155668556588, 25.736410589696845 ], [ -100.274178597684852, 25.736451076825329 ], [ -100.274340274696385, 25.736295590168265 ], [ -100.274367807151407, 25.736269111776434 ], [ -100.274421942662471, 25.736245708476758 ], [ -100.274440200271286, 25.736229124528727 ], [ -100.274442824726435, 25.736226741105217 ], [ -100.274484783756989, 25.736188631226611 ], [ -100.274495164507201, 25.736179203462928 ], [ -100.274539626808178, 25.73613882093181 ], [ -100.274565524201364, 25.736115298555656 ], [ -100.27459189450407, 25.736091347046923 ], [ -100.274631411795824, 25.736070153718977 ], [ -100.274801375843325, 25.735986004142628 ], [ -100.274977481452979, 25.735898582146753 ], [ -100.275114361604068, 25.735830634837576 ], [ -100.275149369407686, 25.735813291842636 ], [ -100.275188984198408, 25.73579366633756 ], [ -100.275224163633027, 25.735776238323343 ], [ -100.275262301716495, 25.735757344570384 ], [ -100.275294690004543, 25.735741298910114 ], [ -100.275332184962707, 25.735722724427706 ], [ -100.275370044952737, 25.735703967965684 ], [ -100.275396738692436, 25.735690743142129 ], [ -100.275436823098758, 25.735670885442453 ], [ -100.275473544403269, 25.735652694516297 ], [ -100.275501971101619, 25.735638610942569 ], [ -100.275538381988, 25.735620572589294 ], [ -100.275492166109174, 25.735540692739857 ], [ -100.275640920444147, 25.735465786540967 ], [ -100.275691165458767, 25.735545602686493 ], [ -100.275691669298141, 25.735546409715514 ], [ -100.275746943797358, 25.735519871698347 ], [ -100.275810602690058, 25.735487622952732 ], [ -100.275869326633384, 25.735457881705273 ], [ -100.275872505597562, 25.735456295207083 ], [ -100.275934514084582, 25.735425339046309 ], [ -100.275938673529964, 25.735423262231521 ], [ -100.276001366249432, 25.735391968193429 ], [ -100.276007141515308, 25.735389130010649 ], [ -100.276061994777635, 25.735362173789213 ], [ -100.276077627498921, 25.735354491930156 ], [ -100.276112037207298, 25.735337835325833 ], [ -100.27615113380331, 25.735318911004402 ], [ -100.276158113308668, 25.735315507744605 ], [ -100.276206574760494, 25.735291876787048 ], [ -100.276236667075509, 25.735277782227719 ], [ -100.276256396693924, 25.735268146112304 ], [ -100.276393806662767, 25.735199592442147 ], [ -100.276441114790444, 25.735176433972558 ], [ -100.276459275761468, 25.735167552364917 ], [ -100.276490163300792, 25.735152448794945 ], [ -100.276524991996467, 25.73513541588903 ], [ -100.276536404030423, 25.735129834900999 ], [ -100.276581611777857, 25.735107223622848 ], [ -100.276592413485048, 25.735101821400985 ], [ -100.276630714412462, 25.735082667881958 ], [ -100.27666352279995, 25.735066263372669 ], [ -100.27678182513985, 25.735006912398919 ], [ -100.277007736700625, 25.734893573469563 ], [ -100.277055297844257, 25.734870003656088 ], [ -100.277112553330213, 25.734844916498677 ], [ -100.277178565887297, 25.734812173910111 ], [ -100.277282418735879, 25.734760661674976 ], [ -100.277350754337348, 25.73472676711873 ], [ -100.277534395356042, 25.734635678618449 ], [ -100.27753531717066, 25.734635229486443 ], [ -100.2776053349357, 25.734601543260922 ], [ -100.277646040904969, 25.734581412429247 ], [ -100.277717926174802, 25.734545861547378 ], [ -100.278127897002264, 25.73434311060976 ], [ -100.278245191073822, 25.734285102782703 ], [ -100.278378086352163, 25.734219378785895 ], [ -100.278432955566018, 25.734142091326788 ], [ -100.278434315726571, 25.734141905967888 ], [ -100.278514315463966, 25.734131047968251 ], [ -100.278523165113697, 25.734129846801519 ], [ -100.278639538242501, 25.734114050256515 ], [ -100.278669556263779, 25.734157354085333 ], [ -100.278669694306501, 25.73415722120173 ], [ -100.278670650463937, 25.734158656916886 ], [ -100.278687609036439, 25.734184119833124 ], [ -100.278714238507391, 25.73422410379332 ], [ -100.278736293205952, 25.734257218347331 ], [ -100.27877748492206, 25.734319067403426 ], [ -100.278818679085418, 25.734380920171382 ], [ -100.278859873894746, 25.734442773990782 ], [ -100.278901066332537, 25.734504623000337 ], [ -100.278942261229062, 25.734566476792164 ], [ -100.278983454964461, 25.734628328439783 ], [ -100.27903408065815, 25.734704340828678 ], [ -100.279034658290129, 25.734705635882204 ], [ -100.279035721963155, 25.734707232831674 ], [ -100.279035455722976, 25.734707424648455 ], [ -100.279058264529937, 25.734758580665094 ], [ -100.278969494827024, 25.73482356351823 ], [ -100.278969048600956, 25.734823889657559 ], [ -100.278897547142464, 25.734876231291768 ], [ -100.278898277640096, 25.734877121959382 ], [ -100.278899658395162, 25.734878804977622 ], [ -100.279004149315313, 25.73500617924347 ], [ -100.279152002251763, 25.73518641890713 ], [ -100.279258039771165, 25.735315680065447 ], [ -100.279346603545761, 25.735394883225574 ], [ -100.279386555442159, 25.735430613072836 ], [ -100.279467805391519, 25.735503275927694 ], [ -100.279514825524274, 25.735545325450641 ], [ -100.279516920886593, 25.735547019848408 ], [ -100.279597998566103, 25.735612576001905 ], [ -100.279792276805381, 25.735769661070648 ], [ -100.280090459958203, 25.73601075997901 ], [ -100.280120446292557, 25.73603247599884 ], [ -100.280412064942354, 25.736243662116244 ], [ -100.280661731120475, 25.736378108217274 ], [ -100.280745057052627, 25.736412203277958 ], [ -100.280768350355103, 25.736421734140961 ], [ -100.28076893145743, 25.736421972035235 ], [ -100.280800537658862, 25.736434904646327 ], [ -100.280835343542364, 25.736448076739354 ], [ -100.281197051518845, 25.736584963813979 ], [ -100.281281499774366, 25.736610552647917 ], [ -100.281369973792891, 25.736637361714784 ], [ -100.281873453004124, 25.736816126565685 ], [ -100.282369855283179, 25.736992376307107 ], [ -100.282514229873414, 25.737043636780779 ], [ -100.282738549232661, 25.737127815382937 ], [ -100.282761068292814, 25.737136266177071 ], [ -100.282940608518771, 25.73720364067789 ], [ -100.283022648326508, 25.737235296416607 ], [ -100.283365514363837, 25.737367547538163 ], [ -100.283422685584426, 25.737389600314259 ], [ -100.283795478796222, 25.73752000983805 ], [ -100.28403954670884, 25.737586775637538 ], [ -100.284353068166169, 25.737672540171964 ], [ -100.284644441582714, 25.737752244963602 ], [ -100.284866955802542, 25.737813113116403 ], [ -100.284944509567183, 25.737833970101889 ], [ -100.285742449718811, 25.738048560556336 ], [ -100.285788012986714, 25.738060813790362 ], [ -100.286136705388955, 25.738154585982162 ], [ -100.286379412257872, 25.738219855206562 ], [ -100.286383163676803, 25.738202833769336 ], [ -100.286380414490665, 25.738220124684876 ], [ -100.286380408417017, 25.738220164347037 ], [ -100.286351674039352, 25.738430868850379 ], [ -100.286325240613877, 25.738624702279246 ], [ -100.286302874493288, 25.73875395610898 ], [ -100.286235539941657, 25.739143077053129 ], [ -100.286232382817275, 25.739142515624184 ], [ -100.286231145898171, 25.739142295319681 ], [ -100.286230627801075, 25.739142203014847 ], [ -100.286230218382741, 25.739144739969266 ], [ -100.286203271705162, 25.739311786492785 ], [ -100.286164158630712, 25.739516282172712 ], [ -100.286155404762781, 25.739561322625093 ], [ -100.286097547789211, 25.739859008666549 ], [ -100.285990166399259, 25.740141815267279 ], [ -100.285924577166611, 25.740265910842201 ], [ -100.285845875892505, 25.7404380687856 ], [ -100.286153693559626, 25.740594802278402 ], [ -100.286154256800145, 25.740594585880622 ], [ -100.286178609340567, 25.740606929925647 ], [ -100.286163402744776, 25.740599352335906 ], [ -100.286197956715981, 25.740617339885027 ], [ -100.286275927344164, 25.740660805653469 ], [ -100.286309291917121, 25.740678923040431 ], [ -100.286320538531172, 25.740685089879641 ], [ -100.286368439489806, 25.74071116220809 ], [ -100.286416696915765, 25.740737297207172 ], [ -100.286471847326411, 25.740767139461635 ], [ -100.28647999343147, 25.740771583943555 ], [ -100.286527861426478, 25.740797716991619 ], [ -100.286543218312758, 25.74080607521422 ], [ -100.286582699904969, 25.740827564098705 ], [ -100.286630882025648, 25.740853941621836 ], [ -100.286653968728302, 25.740871548639156 ], [ -100.286683482785378, 25.740894185883683 ], [ -100.286696266770321, 25.740903991120383 ], [ -100.286722856133892, 25.740924385271242 ], [ -100.286788405927666, 25.740974662354404 ], [ -100.286834246122709, 25.741009822004298 ], [ -100.286875963849212, 25.741041819412274 ], [ -100.28692520613572, 25.741079588287423 ], [ -100.286925674632243, 25.741079135072901 ], [ -100.286955518328014, 25.741102079790704 ], [ -100.286969020912309, 25.74111215162926 ], [ -100.286995015305322, 25.741132167210608 ], [ -100.287017868925275, 25.741149632779187 ], [ -100.287033179960872, 25.741161242995439 ], [ -100.287059796814418, 25.741181709631739 ], [ -100.287088231245079, 25.741203574329866 ], [ -100.287114079558677, 25.741224454002285 ], [ -100.287112839321125, 25.741225244287048 ], [ -100.287072150689156, 25.741251201668703 ], [ -100.287018836707333, 25.741285213185012 ], [ -100.286921197238385, 25.741347501819696 ], [ -100.286691479801064, 25.741486105904013 ], [ -100.286604123330889, 25.74159044210128 ], [ -100.286392929782664, 25.74184217629011 ], [ -100.286388600218643, 25.741847336874674 ], [ -100.286296346449802, 25.74191925057292 ], [ -100.286219589438957, 25.741979083784358 ], [ -100.286206512017827, 25.741990938918043 ], [ -100.286226793612101, 25.74200877951742 ], [ -100.286279936995214, 25.742055527219161 ], [ -100.286370846788984, 25.742142589798203 ], [ -100.286280851649977, 25.742056332185246 ], [ -100.286374729592382, 25.742138912590903 ], [ -100.286415599566837, 25.742174864003609 ], [ -100.286460404413788, 25.742214275826598 ], [ -100.286465318259303, 25.742215351091907 ], [ -100.286530735678426, 25.742229627459075 ], [ -100.286552037180073, 25.742234276866824 ], [ -100.286623631416589, 25.74224990311971 ], [ -100.28664048121, 25.742253585038828 ], [ -100.286667806671488, 25.742259549842441 ], [ -100.286704565251625, 25.742267573902065 ], [ -100.28672742710917, 25.742272564368193 ], [ -100.286784579092853, 25.742285039738146 ], [ -100.286860141787955, 25.74230153430981 ], [ -100.286896995171972, 25.742309578892318 ], [ -100.286935246585415, 25.742317928514279 ], [ -100.287007053601513, 25.742333603008611 ], [ -100.287039903669907, 25.742340773543621 ], [ -100.287073897639416, 25.742348194092905 ], [ -100.287089932489522, 25.742351657286054 ], [ -100.287124672928272, 25.742359246252704 ], [ -100.287166227577814, 25.742368323461491 ], [ -100.287230638248772, 25.74238239377183 ], [ -100.287242177919524, 25.742384914497034 ], [ -100.28726745619943, 25.742390436431151 ], [ -100.287282549633559, 25.742393737179381 ], [ -100.287285371160195, 25.742394352933072 ], [ -100.287319429754149, 25.742401789980804 ], [ -100.287320826008013, 25.742402095041673 ], [ -100.287399048052563, 25.742419169583187 ], [ -100.287476290902319, 25.742436030074753 ], [ -100.28747830382585, 25.74243646938254 ], [ -100.287553828187924, 25.742452954827719 ], [ -100.287557923939474, 25.742453848880501 ], [ -100.287632899186377, 25.742470214960875 ], [ -100.287677902702953, 25.742480038174591 ], [ -100.287704120498972, 25.742485761007039 ], [ -100.287704160793808, 25.742485606498825 ], [ -100.287790111044373, 25.742504353124193 ], [ -100.287807949700536, 25.742508424922608 ], [ -100.287819873828113, 25.742511027306229 ], [ -100.287819397908294, 25.742510956579824 ], [ -100.28786328417344, 25.742520532160018 ], [ -100.287939287205305, 25.74253711486628 ], [ -100.287963504512888, 25.742542398775221 ], [ -100.287977632037141, 25.742545510485531 ], [ -100.287983274189486, 25.742546711999438 ], [ -100.288016543149453, 25.742553970668581 ], [ -100.28809645653746, 25.742571404544943 ], [ -100.288132823692635, 25.742579339637064 ], [ -100.288096523016449, 25.742571157206871 ], [ -100.28814904765261, 25.742582796756896 ], [ -100.288173810888892, 25.742588284548706 ], [ -100.288194340706795, 25.742509855347073 ], [ -100.288220411493128, 25.742410259390514 ], [ -100.288459858847531, 25.742463864874384 ], [ -100.288575418877357, 25.74248867785197 ], [ -100.288686399982808, 25.742512507857867 ], [ -100.288725228851277, 25.742520682219574 ], [ -100.288789284168189, 25.742534166737371 ], [ -100.288790767692618, 25.742534507943866 ], [ -100.288851028785459, 25.742547164259861 ], [ -100.288929168142317, 25.742563614600289 ], [ -100.288905278002758, 25.742652137928093 ], [ -100.288989785860565, 25.742670495164234 ], [ -100.289052922410733, 25.742684209823082 ], [ -100.289056573202672, 25.742684998045501 ], [ -100.289145771031713, 25.742704378287332 ], [ -100.289183149098292, 25.742712497389917 ], [ -100.289219707912125, 25.742720439074255 ], [ -100.289223309633542, 25.742721280181286 ], [ -100.289265228395081, 25.742730393167029 ], [ -100.28928060131949, 25.742733735656387 ], [ -100.289375065624583, 25.742754272371517 ], [ -100.289451851474354, 25.742770965636097 ], [ -100.289524162485293, 25.742786686326529 ], [ -100.289524186432217, 25.74278660529183 ], [ -100.289523202774006, 25.742786363505164 ], [ -100.28958268029568, 25.742799283369802 ], [ -100.289607523613654, 25.742804679747969 ], [ -100.289665081831814, 25.742817182487197 ], [ -100.289713886423655, 25.742827783374064 ], [ -100.28971396284517, 25.742827800360502 ], [ -100.289714039260872, 25.742827816811726 ], [ -100.289731919647934, 25.742831638575016 ], [ -100.289757601590807, 25.742837089053804 ], [ -100.289757549739861, 25.742837267751042 ], [ -100.289757507014514, 25.742837415858272 ], [ -100.289836417847212, 25.742854571286138 ], [ -100.289874582763375, 25.742862868435434 ], [ -100.289914442492204, 25.742871533801367 ], [ -100.289914491417136, 25.742871357806223 ], [ -100.289988860331903, 25.742887511784613 ], [ -100.290055038985884, 25.74290188738529 ], [ -100.29009628030802, 25.74297560055318 ], [ -100.29011791346295, 25.743008636116659 ], [ -100.290116308617783, 25.743011399374332 ], [ -100.290172257167129, 25.74311140106219 ], [ -100.290260546722166, 25.743182777950789 ], [ -100.290293397398528, 25.743209335532292 ], [ -100.29034857170457, 25.743253944097091 ], [ -100.290415281301975, 25.743307871883175 ], [ -100.290415315882854, 25.743307899944973 ], [ -100.290423755877484, 25.743314682771377 ], [ -100.290426025463418, 25.743316557978023 ], [ -100.290437939965543, 25.743326189656631 ], [ -100.290495429996795, 25.743372667071664 ], [ -100.290497770793692, 25.743374514348368 ], [ -100.290503354130436, 25.743379073367016 ], [ -100.290528605712694, 25.743399487734855 ], [ -100.290544095073855, 25.743412010185232 ], [ -100.290586585294889, 25.743446360604207 ], [ -100.290621141266271, 25.743474297318052 ], [ -100.290650195994289, 25.74349794297828 ], [ -100.290705197196914, 25.743542422866952 ], [ -100.290707824451516, 25.743544472066347 ], [ -100.290708730383059, 25.743545176988945 ], [ -100.29071675275118, 25.743551593106179 ], [ -100.290748247860151, 25.743576781114172 ], [ -100.290766553273386, 25.743591537331106 ], [ -100.29076970230301, 25.743594399765318 ], [ -100.290827078703742, 25.743640783843428 ], [ -100.290885936139674, 25.743688366573068 ], [ -100.290886060088766, 25.743688242367035 ], [ -100.290887440899368, 25.743689358432306 ], [ -100.290898475219194, 25.743698254946924 ], [ -100.290931552163968, 25.743724942575049 ], [ -100.290950648330124, 25.743740678756915 ], [ -100.29107604798709, 25.743842058707457 ], [ -100.29113041775328, 25.743890969462008 ], [ -100.291269259544578, 25.744015871472691 ], [ -100.291047419346668, 25.744100735080355 ], [ -100.289432889540677, 25.745739194344861 ], [ -100.288887456502948, 25.7462264641037 ], [ -100.287514465338148, 25.747216768947247 ], [ -100.287553879175391, 25.747353623053158 ], [ -100.287676673454726, 25.747779987324016 ], [ -100.287754609071698, 25.748094372055114 ], [ -100.287817017345404, 25.748346121088879 ], [ -100.287815308483601, 25.748346593840836 ], [ -100.286933818126428, 25.748590529260142 ], [ -100.286863869195685, 25.748608326842604 ], [ -100.286846084484154, 25.748612360832368 ], [ -100.286650844733373, 25.748656215133458 ], [ -100.286444464411119, 25.748702571409599 ], [ -100.286312601233362, 25.748732189692316 ], [ -100.286048083426977, 25.748791603639585 ], [ -100.285233639868054, 25.748989350078443 ], [ -100.284887819381467, 25.749072807351208 ], [ -100.284652301223588, 25.749132459068562 ], [ -100.284096819083629, 25.749273150180983 ], [ -100.284074425198028, 25.749191093712493 ], [ -100.284055298197018, 25.749122102154494 ], [ -100.284042852112577, 25.749051867987536 ], [ -100.28403718077702, 25.748980920780443 ], [ -100.284038326940347, 25.748909795477491 ], [ -100.284046281948292, 25.748839028364852 ], [ -100.284060985807997, 25.748769153027006 ], [ -100.284082327640618, 25.7487006963235 ], [ -100.284110146517833, 25.748634174416495 ], [ -100.284144232675402, 25.748570088878953 ], [ -100.283353066603595, 25.748900902107756 ], [ -100.283201381033848, 25.749486975820957 ], [ -100.283103283451297, 25.749488615360104 ], [ -100.283086907854766, 25.749488889196144 ], [ -100.282967823115158, 25.749490878977316 ], [ -100.282925456449135, 25.749491586810265 ], [ -100.282858067836372, 25.749492713669245 ], [ -100.282788625166376, 25.74949387358059 ], [ -100.282720447079683, 25.749495013754284 ], [ -100.282652313881016, 25.749496151359658 ], [ -100.282581074811091, 25.749497341983879 ], [ -100.282512282151885, 25.749498491755737 ], [ -100.282442858401581, 25.749499653476626 ], [ -100.282421925607977, 25.749500002703019 ], [ -100.28239126707787, 25.749493986753578 ], [ -100.282323574744083, 25.749480700690039 ], [ -100.282256792155394, 25.749467592849854 ], [ -100.282189945640212, 25.749454474836519 ], [ -100.282122182269688, 25.749441174316466 ], [ -100.282041950374122, 25.749425429337371 ], [ -100.282024201087566, 25.749425028958534 ], [ -100.282004354346682, 25.749424582815063 ], [ -100.281955535558183, 25.749423483969043 ], [ -100.281887137239877, 25.749421945158566 ], [ -100.281819457772301, 25.749420421397542 ], [ -100.281688551524766, 25.749417473750928 ], [ -100.281689427443112, 25.749420889499493 ], [ -100.281618363079318, 25.749429986432148 ], [ -100.281623715394232, 25.749450910950451 ], [ -100.281348692750555, 25.749474371080012 ], [ -100.281204143958348, 25.74948670133714 ], [ -100.281010416983065, 25.74950322372176 ], [ -100.280852138107065, 25.749516725657902 ], [ -100.280827184126366, 25.749518854944039 ], [ -100.280808586128686, 25.749520440167373 ], [ -100.280809404118713, 25.74952374724046 ], [ -100.280744436982289, 25.75006036524503 ], [ -100.28068543618582, 25.750071218825642 ], [ -100.280290032517982, 25.750368871255159 ], [ -100.280230986253628, 25.750413320564672 ], [ -100.280174271071729, 25.750456014609835 ], [ -100.280173478101815, 25.750455977691441 ], [ -100.280150944026246, 25.750455004691005 ], [ -100.280129600062722, 25.750454010518496 ], [ -100.280088145578546, 25.750452293931897 ], [ -100.280035937206492, 25.75044974482293 ], [ -100.27994183137983, 25.750448484643734 ], [ -100.279867542748462, 25.750485208189104 ], [ -100.279810283128214, 25.750468460929984 ], [ -100.279793657298143, 25.750465033203195 ], [ -100.279473011433126, 25.750398930302897 ], [ -100.279384115449645, 25.75038789313075 ], [ -100.279255309619742, 25.750371905441636 ], [ -100.279220955087013, 25.750365595867915 ], [ -100.279216434082798, 25.750364418429577 ], [ -100.278885196071755, 25.750278151263846 ], [ -100.27847577642045, 25.75026901322132 ], [ -100.278240862080125, 25.750208994191134 ], [ -100.276793222394147, 25.749583460429967 ], [ -100.276840212100481, 25.749486007435966 ], [ -100.276637943921372, 25.749409314364382 ], [ -100.276594866353207, 25.749507289658677 ], [ -100.276296751406562, 25.749370436575632 ], [ -100.276000315424753, 25.749328093961342 ], [ -100.275644756312303, 25.749378987007532 ], [ -100.275331136610717, 25.749528649406432 ], [ -100.27505038644783, 25.749768673929861 ], [ -100.274399539506533, 25.75035140989101 ], [ -100.274359176844627, 25.750396558848699 ], [ -100.274354394911612, 25.750428026886642 ], [ -100.27416487566056, 25.750496782959907 ], [ -100.273907440067092, 25.750547768574311 ], [ -100.27164053862397, 25.750541438398095 ], [ -100.267178441907703, 25.751074168622964 ], [ -100.267183664752963, 25.750944495895407 ], [ -100.266915718329301, 25.750970451532311 ], [ -100.266807041829153, 25.75098056920833 ], [ -100.266584567152094, 25.75098623489183 ], [ -100.266567600749624, 25.750915624866625 ], [ -100.266567092061834, 25.75091564320827 ], [ -100.266538354215243, 25.750791111002002 ], [ -100.266535739955785, 25.750779565879665 ], [ -100.266524576975584, 25.750733250223831 ], [ -100.266521230321089, 25.750718853226971 ], [ -100.266520661551212, 25.750716494502264 ], [ -100.266514873895346, 25.750692175899889 ], [ -100.266506876860134, 25.750657929394716 ], [ -100.26650394682305, 25.750646033752002 ], [ -100.266492047888718, 25.750596305304857 ], [ -100.266487882617909, 25.75057828213766 ], [ -100.266476807885013, 25.750532704355852 ], [ -100.266470530872667, 25.750506379601074 ], [ -100.266462229660803, 25.750472874385324 ], [ -100.266454469049961, 25.750438625818987 ], [ -100.266448503675605, 25.750414265937959 ], [ -100.266447058006122, 25.750408358626508 ], [ -100.266437202711515, 25.750367638884327 ], [ -100.266429416312974, 25.750335638598074 ], [ -100.266428632736648, 25.750332418915086 ], [ -100.266428081539871, 25.750330156382283 ], [ -100.266420246184609, 25.750296437291919 ], [ -100.266419669200317, 25.750293303593256 ], [ -100.266413200372384, 25.750285671499636 ], [ -100.266380447724671, 25.750245326469951 ], [ -100.266373342980458, 25.750236359634474 ], [ -100.26633987157183, 25.750194222399582 ], [ -100.266325820609381, 25.750176745520744 ], [ -100.26630910226207, 25.750156532079892 ], [ -100.266304676634263, 25.750151183794348 ], [ -100.266279814851359, 25.750120361826649 ], [ -100.266252582782428, 25.75008628258491 ], [ -100.266231742904779, 25.750060189373134 ], [ -100.266220696947954, 25.750046741418643 ], [ -100.266210121564413, 25.750033749687613 ], [ -100.266183447421909, 25.750001003709375 ], [ -100.266168293785611, 25.749982091222311 ], [ -100.266141297915524, 25.749948431681837 ], [ -100.26606617647758, 25.749949701518894 ], [ -100.265925593462555, 25.74995207840848 ], [ -100.265852773081818, 25.749953309395377 ], [ -100.265784558377788, 25.749954462839217 ], [ -100.265767608851164, 25.749954749353083 ], [ -100.265753093734716, 25.749955086961211 ], [ -100.265736468832188, 25.749955275909837 ], [ -100.26571695767575, 25.749955497440205 ], [ -100.265713220448703, 25.749955540632733 ], [ -100.265679424337392, 25.749956123452115 ], [ -100.265671950336937, 25.749956252651391 ], [ -100.265642589610707, 25.749956862207672 ], [ -100.265574998328177, 25.749958005317051 ], [ -100.265506620514415, 25.749959161119005 ], [ -100.265447273231715, 25.749960164539083 ], [ -100.265427735441861, 25.7499604943831 ], [ -100.265355390151285, 25.749961717780856 ], [ -100.265288730146864, 25.749962844100143 ], [ -100.265264028256894, 25.749963261618365 ], [ -100.265192476573944, 25.749964471615876 ], [ -100.265154008805212, 25.749965265117137 ], [ -100.265119277277208, 25.749965922305766 ], [ -100.265112268284099, 25.749965983205694 ], [ -100.265084387076868, 25.749966330366746 ], [ -100.265035404622139, 25.749967214123842 ], [ -100.265024611008656, 25.749967307901322 ], [ -100.265016635175968, 25.749967377196743 ], [ -100.264981591586277, 25.749968034922759 ], [ -100.264942824223098, 25.749968053249788 ], [ -100.264829233762498, 25.749968106023459 ], [ -100.264789609075748, 25.749968595820722 ], [ -100.264757106572432, 25.749968997514138 ], [ -100.264735075783534, 25.749969269702991 ], [ -100.264687012263281, 25.749969863818222 ], [ -100.264657637087097, 25.749970226550264 ], [ -100.264617898946113, 25.749970718891994 ], [ -100.264586757984347, 25.749971102298822 ], [ -100.2645756173102, 25.749971240271723 ], [ -100.264546837809448, 25.749971595131655 ], [ -100.264523648747257, 25.749971881630032 ], [ -100.264496646844222, 25.749972215154251 ], [ -100.264477892347557, 25.749972450822177 ], [ -100.264435049156745, 25.749973300330208 ], [ -100.264416664834883, 25.749973665518144 ], [ -100.264377921520321, 25.749974337028814 ], [ -100.264336684886857, 25.749975031785635 ], [ -100.264332656543061, 25.749975099951239 ], [ -100.264268662984804, 25.749975867046611 ], [ -100.264265299479476, 25.749975928367039 ], [ -100.264256683862598, 25.74997608239341 ], [ -100.264193457862191, 25.749977222284908 ], [ -100.264175713726914, 25.749977541204842 ], [ -100.264125870873855, 25.749978440690406 ], [ -100.264099002947219, 25.749978924454108 ], [ -100.264054747811429, 25.749979721878329 ], [ -100.264044721671027, 25.749979901518966 ], [ -100.264023321088189, 25.749980190074378 ], [ -100.263941830568598, 25.749981288766673 ], [ -100.263861818007413, 25.749982367626082 ], [ -100.263847353975166, 25.749982563294346 ], [ -100.263828582754471, 25.749982782966267 ], [ -100.26378162515303, 25.749983332391949 ], [ -100.263746647480644, 25.749983742497434 ], [ -100.263743409018048, 25.749983779704682 ], [ -100.263717822871371, 25.749984080456997 ], [ -100.263714045459523, 25.749984124482278 ], [ -100.263701148348432, 25.749984273350716 ], [ -100.263673997353962, 25.749984593564598 ], [ -100.263670673801755, 25.749984632579217 ], [ -100.263643437683399, 25.749984951385169 ], [ -100.263622678478939, 25.749985194706699 ], [ -100.263621662042198, 25.749985207809942 ], [ -100.263590478303769, 25.749985571570662 ], [ -100.263541667551522, 25.749986375723786 ], [ -100.263522415097839, 25.749986694807291 ], [ -100.263502195537825, 25.749986997123706 ], [ -100.263462952477241, 25.749987583875814 ], [ -100.263432370200363, 25.749988039799433 ], [ -100.263383683943914, 25.749988768419268 ], [ -100.263360980086276, 25.749989108864959 ], [ -100.263341342012822, 25.749989402902102 ], [ -100.263305774588559, 25.749989934703795 ], [ -100.263292391001372, 25.749990134323863 ], [ -100.263272969594468, 25.749990573131083 ], [ -100.263255673038643, 25.749990964596744 ], [ -100.263232001945539, 25.749991499681936 ], [ -100.263225555619186, 25.749991561497215 ], [ -100.263167976595952, 25.749992114022604 ], [ -100.263150412897446, 25.749992282452123 ], [ -100.26314555687587, 25.749992328861662 ], [ -100.263111045629657, 25.749992805421428 ], [ -100.263079623823842, 25.749993236974053 ], [ -100.263078633406806, 25.749993251453553 ], [ -100.263064571244854, 25.749993444628409 ], [ -100.263026107727967, 25.749993973651495 ], [ -100.263011962822986, 25.749994167003777 ], [ -100.2630086960488, 25.749994209792803 ], [ -100.26298509131496, 25.749994537119591 ], [ -100.26298165674821, 25.749994585645481 ], [ -100.262940921617187, 25.749995144520238 ], [ -100.262939375708939, 25.749995166493303 ], [ -100.262929549450817, 25.749995301503251 ], [ -100.262909230367683, 25.749995582655256 ], [ -100.262904866822765, 25.749995642983762 ], [ -100.26287138381177, 25.749996104680413 ], [ -100.262868871108466, 25.749996139320164 ], [ -100.262826398584011, 25.749996721260768 ], [ -100.26280369268602, 25.749997037015692 ], [ -100.262801522136357, 25.749997066545788 ], [ -100.262735070277159, 25.749997875162823 ], [ -100.262686434570455, 25.749998467157106 ], [ -100.262666205019073, 25.749998719665648 ], [ -100.262597869422152, 25.749999573459476 ], [ -100.262560388734542, 25.75000004191746 ], [ -100.262555554736139, 25.750000103103417 ], [ -100.262540745409623, 25.750000287184228 ], [ -100.262540766783516, 25.750000240431923 ], [ -100.262488272716254, 25.750000879197685 ], [ -100.262440502184234, 25.7500014625376 ], [ -100.262415927709583, 25.749998840910443 ], [ -100.262485706857944, 25.749861099394948 ], [ -100.262516381988519, 25.749800554890971 ], [ -100.262632001807972, 25.749573818160147 ], [ -100.262738378903535, 25.749375104889268 ], [ -100.26283162018612, 25.749179757666347 ], [ -100.262938830681506, 25.748934557848283 ], [ -100.262997635825485, 25.748784817257736 ], [ -100.263040231581897, 25.748590894063749 ], [ -100.262960427157807, 25.74858479874775 ], [ -100.26289840709002, 25.748581367780066 ], [ -100.262847066123783, 25.748578762125387 ], [ -100.262847072957484, 25.748578681778245 ], [ -100.262840916743684, 25.748578449345569 ], [ -100.262799196332779, 25.748576331885506 ], [ -100.262759077268669, 25.748574294730538 ], [ -100.262748563897603, 25.748573603901388 ], [ -100.262697206273486, 25.748571155167106 ], [ -100.262684229853946, 25.74857049693281 ], [ -100.262650099928052, 25.748568765359718 ], [ -100.262622928896931, 25.74856738450957 ], [ -100.262599731751095, 25.748565931728333 ], [ -100.26254891407298, 25.748563626524501 ], [ -100.262498226347134, 25.748560699283157 ], [ -100.262473756771499, 25.748559809894978 ], [ -100.26244763996759, 25.74855841344845 ], [ -100.262398780022878, 25.748555573093665 ], [ -100.262352915109247, 25.748553208823889 ], [ -100.262326212457225, 25.748551910568445 ], [ -100.262300043316358, 25.74855048296914 ], [ -100.262286103477905, 25.748549764003641 ], [ -100.26225700382723, 25.748548204972263 ], [ -100.262249740154402, 25.748547816186591 ], [ -100.262202031606378, 25.74854526231416 ], [ -100.262184938937153, 25.748544346933546 ], [ -100.262151188808502, 25.748542536480169 ], [ -100.262110777666038, 25.748540375357972 ], [ -100.262099505767054, 25.74853977295016 ], [ -100.262050730978302, 25.748537159757536 ], [ -100.262037188854066, 25.748536436250436 ], [ -100.26200218032173, 25.748534559057742 ], [ -100.261965272363568, 25.748532582168803 ], [ -100.261952506312383, 25.748531919904778 ], [ -100.261902347365989, 25.748529308488582 ], [ -100.261890106976992, 25.748528668961345 ], [ -100.261850504806546, 25.748526605665283 ], [ -100.261817700215559, 25.748524896666989 ], [ -100.261802951940922, 25.748524129529766 ], [ -100.261755153051624, 25.748521638382474 ], [ -100.261742512924016, 25.748520979290785 ], [ -100.261703275612192, 25.748518934203009 ], [ -100.261669353364766, 25.748517166343341 ], [ -100.261654891302314, 25.748516413839177 ], [ -100.261605269867999, 25.7485138271017 ], [ -100.261597537351022, 25.74851359061056 ], [ -100.26159754919631, 25.748513425114854 ], [ -100.261555352177623, 25.748511225785922 ], [ -100.261523059712246, 25.748509544399049 ], [ -100.261504246009167, 25.748508575336498 ], [ -100.261456124570714, 25.748506097590123 ], [ -100.261447651749123, 25.74850566089696 ], [ -100.261404485793122, 25.748503437803134 ], [ -100.261378490151358, 25.748502095780644 ], [ -100.261356619792508, 25.748500970656941 ], [ -100.261309191417013, 25.74849852860774 ], [ -100.26130283324278, 25.748498199907964 ], [ -100.261256916346056, 25.748495835206509 ], [ -100.261232626174902, 25.748494583294669 ], [ -100.26120860211563, 25.748493457534433 ], [ -100.261161150263774, 25.748491422432217 ], [ -100.261156672602823, 25.748491025518824 ], [ -100.261085602757433, 25.748487699455776 ], [ -100.261024108738809, 25.748484656540967 ], [ -100.260963595669651, 25.748481543015778 ], [ -100.260894834639231, 25.748477850021253 ], [ -100.260879366879124, 25.748477230327168 ], [ -100.2608469881053, 25.748475433922508 ], [ -100.260806698888885, 25.748473510103739 ], [ -100.260796932348498, 25.748472908476536 ], [ -100.260744286535029, 25.748470253427357 ], [ -100.260733068775693, 25.748469739831762 ], [ -100.260693135601926, 25.748467671056723 ], [ -100.260661505420174, 25.748466075807325 ], [ -100.260646293782727, 25.74846530774693 ], [ -100.260595179396475, 25.748462715926021 ], [ -100.260547429761203, 25.748460296213274 ], [ -100.260514374420808, 25.748458626023275 ], [ -100.260498761829353, 25.748457835190997 ], [ -100.260448370071359, 25.74845528041822 ], [ -100.260438965369914, 25.748454803024824 ], [ -100.260397024428784, 25.748452672330696 ], [ -100.260368915012023, 25.748451247261347 ], [ -100.260348348136887, 25.748450202766275 ], [ -100.260298822084252, 25.74844768969146 ], [ -100.260246656266261, 25.748445041012129 ], [ -100.26022203516456, 25.748443791795196 ], [ -100.260196015268079, 25.748442389822308 ], [ -100.260150466199136, 25.748439930058776 ], [ -100.260143944655468, 25.748439577565168 ], [ -100.260094833251543, 25.748436928089482 ], [ -100.260078066926056, 25.748436019806103 ], [ -100.26004798080416, 25.748434396073712 ], [ -100.260006325267668, 25.748432146646905 ], [ -100.259997114203756, 25.748431648280146 ], [ -100.25994523757133, 25.748428847119133 ], [ -100.259934231256196, 25.748428375522863 ], [ -100.259894886639572, 25.748426126942825 ], [ -100.259862943652209, 25.748424403624092 ], [ -100.259845522299756, 25.748423422834424 ], [ -100.259798714645086, 25.74842093424126 ], [ -100.259794192295658, 25.748420726616647 ], [ -100.259787001960433, 25.748420397556625 ], [ -100.259747906870274, 25.748418607630573 ], [ -100.259713033753016, 25.748417012397589 ], [ -100.259697699884526, 25.748416310060716 ], [ -100.259649023213683, 25.748414082734357 ], [ -100.259643829143215, 25.748413845054099 ], [ -100.259600183323002, 25.748411846098538 ], [ -100.259569782864673, 25.748410454074353 ], [ -100.259549070476226, 25.748409509211179 ], [ -100.259496484612413, 25.748407827350722 ], [ -100.259451220540925, 25.748406386164955 ], [ -100.259424444885425, 25.748405670897046 ], [ -100.259400356421352, 25.74840476859481 ], [ -100.259349873126084, 25.7484020493741 ], [ -100.259243621491663, 25.748396264780471 ], [ -100.259165222853994, 25.748392306933209 ], [ -100.259122525481175, 25.748389564194571 ], [ -100.258953614238735, 25.748382289389415 ], [ -100.258958683679111, 25.748337290193415 ], [ -100.25896087949954, 25.748317010275816 ], [ -100.258963970971379, 25.748291876433424 ], [ -100.258968992892704, 25.748249770690155 ], [ -100.258974757697658, 25.74820143888337 ], [ -100.258974815353398, 25.748188294711746 ], [ -100.258970121914388, 25.748164904591178 ], [ -100.258967871206664, 25.748153683202474 ], [ -100.258964170963608, 25.748135252712775 ], [ -100.258964121681672, 25.748135006922475 ], [ -100.258964079238922, 25.748134793188232 ], [ -100.258960560133261, 25.748117062313682 ], [ -100.258960520605996, 25.748117069078486 ], [ -100.258954564087901, 25.748087393161086 ], [ -100.25895202022663, 25.748074544996335 ], [ -100.258943018344368, 25.748029074934522 ], [ -100.258941542645289, 25.748021626266034 ], [ -100.258934051459647, 25.747983784414124 ], [ -100.258929156703971, 25.747959068068923 ], [ -100.258925187075462, 25.747939021836526 ], [ -100.258917594810413, 25.747900672901832 ], [ -100.258915930154387, 25.747892230831152 ], [ -100.258908101748503, 25.747851103297567 ], [ -100.258903111427529, 25.747824889068404 ], [ -100.258899547549944, 25.747806160866535 ], [ -100.258891278715353, 25.747762722169544 ], [ -100.25888290912836, 25.747718751765913 ], [ -100.258879040121627, 25.747698437569973 ], [ -100.258874766002592, 25.747675967665337 ], [ -100.258874550817509, 25.747674841212234 ], [ -100.258865089072671, 25.747631715243646 ], [ -100.258854680686156, 25.747584287600183 ], [ -100.258851013291633, 25.747567568025332 ], [ -100.258850871105508, 25.747567591735187 ], [ -100.258843308097909, 25.74753246208774 ], [ -100.258843292590356, 25.747532392638909 ], [ -100.258836686726937, 25.747502279672148 ], [ -100.258834866460163, 25.747493988280628 ], [ -100.258825674859736, 25.747452097477357 ], [ -100.258823332271575, 25.747439669883168 ], [ -100.258798392263742, 25.747307378765392 ], [ -100.258798233239943, 25.747306533904958 ], [ -100.258789568365515, 25.747258932746032 ], [ -100.258748655550932, 25.747249727869896 ], [ -100.258733942697575, 25.747246417657923 ], [ -100.258673460347865, 25.747232809792379 ], [ -100.259355242811537, 25.746639727336671 ], [ -100.259657627215475, 25.74636837683143 ], [ -100.259697688831253, 25.746332426846831 ], [ -100.259882345120474, 25.74616672073606 ], [ -100.260440219113519, 25.745660401590815 ], [ -100.260480125974794, 25.745623944785493 ], [ -100.260893776961225, 25.745246048951586 ], [ -100.260992363858492, 25.745155983066933 ], [ -100.26151796379493, 25.744675808233637 ], [ -100.261597491790184, 25.744601708263836 ], [ -100.262558134246476, 25.743737549803662 ], [ -100.262623667733976, 25.74368278460075 ], [ -100.262648500908469, 25.74366203217307 ], [ -100.263116591430915, 25.743270857730305 ], [ -100.263125399852782, 25.743263496539335 ], [ -100.26288954598617, 25.743104482309267 ], [ -100.262721745294101, 25.742991348280071 ], [ -100.262682223435149, 25.742964169323219 ], [ -100.262225853137551, 25.742650324966867 ], [ -100.262196151336738, 25.742629899149698 ], [ -100.26181080571051, 25.742364895204123 ], [ -100.261566271537347, 25.742196727224606 ], [ -100.261541560776678, 25.742268403458656 ], [ -100.261493097622193, 25.742258735878959 ], [ -100.261443982414193, 25.742248937976534 ], [ -100.261385853887774, 25.74223734206284 ], [ -100.261078174797362, 25.742253368713577 ], [ -100.260235307926351, 25.742297270295843 ], [ -100.26004754038587, 25.742307049597581 ], [ -100.259777694203322, 25.74230903297709 ], [ -100.259658107879403, 25.742298354974253 ], [ -100.259327885464685, 25.742268869777032 ], [ -100.25929350171333, 25.742265535937829 ], [ -100.259211643298286, 25.742257485926995 ], [ -100.258996234563739, 25.742255011658557 ], [ -100.25887546837582, 25.742240263507085 ], [ -100.258849815735999, 25.742237241613047 ], [ -100.258779936241766, 25.742228463707004 ], [ -100.258737652478089, 25.742223314997112 ], [ -100.258581971658785, 25.742211883986634 ], [ -100.258505320440818, 25.74220629034976 ], [ -100.258457931278159, 25.742203066557348 ], [ -100.258383259209793, 25.742197575650351 ], [ -100.258351708923655, 25.742195326684634 ], [ -100.258137035016532, 25.742176872825699 ], [ -100.258092743796183, 25.742174091567872 ], [ -100.258040058490366, 25.742170562264114 ], [ -100.257907517301405, 25.742161855799001 ], [ -100.257742300935533, 25.742139592962392 ], [ -100.257757425893246, 25.742141579801203 ], [ -100.257618488357053, 25.742123268055341 ], [ -100.257608148131212, 25.742121846326445 ], [ -100.257596008845027, 25.74212030524831 ], [ -100.257558236978326, 25.742115509572439 ], [ -100.257500003841685, 25.742107694028853 ], [ -100.257333549004429, 25.742070057156859 ], [ -100.257257014029818, 25.74205393341493 ], [ -100.257215329820227, 25.74204515113367 ], [ -100.257181642074741, 25.742038083276913 ], [ -100.257041236214221, 25.74200798719265 ], [ -100.256837096346288, 25.741952936171728 ], [ -100.25675506125495, 25.741930813401336 ], [ -100.256755060720067, 25.741930762556844 ], [ -100.256644040851413, 25.741900873882805 ], [ -100.25662529791461, 25.740993275686041 ], [ -100.256655612753619, 25.740816082216618 ], [ -100.256644613998489, 25.740663835847627 ], [ -100.256603772920329, 25.7406479042074 ], [ -100.25654627998513, 25.7406238604684 ], [ -100.256534648329918, 25.74061881756824 ], [ -100.256501997557791, 25.740605450825345 ], [ -100.256501096842968, 25.740603928840617 ], [ -100.256463520902841, 25.740586638884213 ], [ -100.256372772894679, 25.740542109834252 ], [ -100.256284679941658, 25.740494942720137 ], [ -100.256198586995012, 25.740444837857581 ], [ -100.256114613429745, 25.74039186472228 ], [ -100.256096008531969, 25.740379547878288 ], [ -100.256044764232655, 25.740344478941729 ], [ -100.255981278596252, 25.740298593018043 ], [ -100.255919317899469, 25.740251027954894 ], [ -100.255905516929403, 25.740240038303622 ], [ -100.25589113021573, 25.740228422637461 ], [ -100.255829155752977, 25.740176452369084 ], [ -100.255756495349459, 25.740111230861977 ], [ -100.255684857259737, 25.740041888680405 ], [ -100.255651590130839, 25.740007809510494 ], [ -100.255646594562478, 25.740002581933012 ], [ -100.255588265256549, 25.739939284661968 ], [ -100.255553576106209, 25.739888937439943 ], [ -100.255537193558595, 25.73986515977111 ], [ -100.25548335738894, 25.739784350351119 ], [ -100.255429372375616, 25.739703316849315 ], [ -100.255420936006502, 25.739690653733799 ], [ -100.255391346271338, 25.739646238088095 ], [ -100.255328894415413, 25.739552495656287 ], [ -100.255276324886935, 25.739473587158706 ], [ -100.25518702829234, 25.739339548721862 ], [ -100.255181677685826, 25.739331517313691 ], [ -100.255075469689189, 25.73917209398903 ], [ -100.255067953285717, 25.739160811906952 ], [ -100.254902195783018, 25.738912000822076 ], [ -100.254867500550034, 25.738795128326416 ], [ -100.254829816876637, 25.738668189347329 ], [ -100.254803519413983, 25.738579605458476 ], [ -100.254791975840178, 25.738540720202366 ], [ -100.254782553893136, 25.738508982650604 ], [ -100.254763796989508, 25.738445798508586 ], [ -100.25475916229118, 25.738430185996425 ], [ -100.254726080882051, 25.738350751288937 ], [ -100.254573417530551, 25.737984179125664 ], [ -100.254570642673485, 25.737977515559781 ], [ -100.254447960109516, 25.737673851414122 ], [ -100.25433061383319, 25.73738339300834 ], [ -100.254296014052017, 25.737243648082529 ], [ -100.254249288916384, 25.737054930615855 ], [ -100.254248902581224, 25.737053369394001 ], [ -100.254188188955226, 25.736665978321945 ], [ -100.254186400792861, 25.736616498740805 ], [ -100.25417814045349, 25.736361803733931 ], [ -100.254170379289874, 25.7361225122545 ], [ -100.25415580736535, 25.735673205931217 ], [ -100.254144354712039, 25.735320071343022 ], [ -100.254142422135345, 25.735260485783396 ], [ -100.254142356696761, 25.735258473789717 ], [ -100.254118040654745, 25.734735499642436 ], [ -100.254116925001895, 25.734711519137289 ], [ -100.254116664048155, 25.734708671153346 ], [ -100.254105574286342, 25.734587732187045 ], [ -100.254082241781887, 25.73459693604913 ], [ -100.253954855148066, 25.734647184071331 ], [ -100.251515498609834, 25.735597197256666 ], [ -100.251478763719064, 25.735611467506637 ], [ -100.249823557218747, 25.736254458270224 ], [ -100.249464749271311, 25.736393839821147 ], [ -100.248685048019183, 25.736696715397951 ], [ -100.248500261093497, 25.736768495459355 ], [ -100.248137763480003, 25.736919981872028 ], [ -100.247458096048916, 25.737204008162053 ], [ -100.246951295026264, 25.737415792929397 ], [ -100.246812820604006, 25.737473658678873 ], [ -100.246419857242415, 25.737637869948237 ], [ -100.24586449104892, 25.737872511478919 ], [ -100.245483172363677, 25.738041637628811 ], [ -100.245116597186936, 25.738210853013662 ], [ -100.244263087779885, 25.738546372011918 ], [ -100.243646457088076, 25.738788771736687 ], [ -100.243138324134307, 25.738988777709803 ], [ -100.242607241153806, 25.73919908124271 ], [ -100.242097487938821, 25.73940093020985 ], [ -100.241607317859646, 25.739595016283015 ], [ -100.241196953091702, 25.739757507490761 ], [ -100.241195291578521, 25.739758165563146 ], [ -100.239854351009782, 25.740289123090538 ], [ -100.239441597098164, 25.740470165725633 ], [ -100.239155920374628, 25.740568398887717 ], [ -100.239084589158196, 25.740514891919194 ], [ -100.239093823071514, 25.740468083360739 ], [ -100.239110196086713, 25.740391243468064 ], [ -100.238533764512212, 25.740094010495604 ], [ -100.239148118147753, 25.739671782815812 ], [ -100.239115535011322, 25.739424845548985 ], [ -100.239000459718142, 25.739285835769216 ], [ -100.238722024241554, 25.738949488623064 ], [ -100.238679229589394, 25.738897793022126 ], [ -100.238546039506716, 25.738736899865419 ], [ -100.238526441259907, 25.738713224599589 ], [ -100.238664631700047, 25.73861031594646 ], [ -100.238742953459891, 25.73855198989666 ], [ -100.239222668934858, 25.73819564632014 ], [ -100.239497302508013, 25.737991642020948 ], [ -100.239540512643742, 25.737959544307746 ], [ -100.239533511803444, 25.737914414345155 ], [ -100.239510371269745, 25.737765248023802 ], [ -100.239528201597764, 25.737695921911182 ], [ -100.239490665841302, 25.737321583372719 ], [ -100.240851721827767, 25.736145255937508 ], [ -100.241048800649139, 25.735977935474363 ], [ -100.241122215887742, 25.736016579547698 ], [ -100.241136124153428, 25.736027889828286 ], [ -100.241186357768981, 25.736075140265495 ], [ -100.24121386490441, 25.736092550053762 ], [ -100.241271594257285, 25.736129091411676 ], [ -100.241352414468722, 25.736180249708053 ], [ -100.241391436152512, 25.736204950005348 ], [ -100.241433298989762, 25.736231448088628 ], [ -100.241451445190066, 25.736242934179124 ], [ -100.2414786763931, 25.736260170702579 ], [ -100.241518206254483, 25.736284633261192 ], [ -100.241560293639537, 25.736310669071919 ], [ -100.241602226470349, 25.736336616264275 ], [ -100.241628066620535, 25.736352605693508 ], [ -100.241681331418448, 25.736385560183479 ], [ -100.2417135738973, 25.736405507298571 ], [ -100.241763576912049, 25.736436444884983 ], [ -100.24179059952138, 25.736453162856552 ], [ -100.241838487527602, 25.73648279529429 ], [ -100.241968509373848, 25.736563240452579 ], [ -100.242075077717843, 25.736628290269408 ], [ -100.242236761897303, 25.736728312467729 ], [ -100.242418893045183, 25.736840982661629 ], [ -100.242445613624497, 25.736851142985152 ], [ -100.243368067907042, 25.736200542767239 ], [ -100.243220720388905, 25.736053375090414 ], [ -100.243286011443359, 25.736000092964201 ], [ -100.243494918986954, 25.736210542362794 ], [ -100.243637249099677, 25.73611491183572 ], [ -100.243640260517239, 25.73611376208699 ], [ -100.243662930915576, 25.736105107201077 ], [ -100.243687836910851, 25.736095598224377 ], [ -100.244653298819316, 25.735403125634996 ], [ -100.244312698059915, 25.735055066231403 ], [ -100.244293959027573, 25.735035916417232 ], [ -100.244225588482436, 25.734967306312289 ], [ -100.243992996629018, 25.734733897508612 ], [ -100.243850868995239, 25.734591270300434 ], [ -100.243584920541068, 25.734324385957581 ], [ -100.243559305654557, 25.734298676836111 ], [ -100.243523296671356, 25.734262541338602 ], [ -100.243318748809799, 25.734049217228513 ], [ -100.243232310843794, 25.73395907064598 ], [ -100.24254748359219, 25.734602394202948 ], [ -100.242271522983714, 25.734861626961891 ], [ -100.242222103112908, 25.734908051006567 ], [ -100.241937290275175, 25.734609132543909 ], [ -100.241861220597087, 25.734528929577557 ], [ -100.240671141550052, 25.733350521055538 ], [ -100.240671317274149, 25.73335008600122 ], [ -100.240620996350799, 25.733303683920916 ], [ -100.240584213410159, 25.733270584336076 ], [ -100.240574749479009, 25.733262233039635 ], [ -100.240474685399036, 25.7331778188301 ], [ -100.2404020924658, 25.733120735267534 ], [ -100.240400071813497, 25.733119009143255 ], [ -100.240355540335827, 25.733085786529891 ], [ -100.240355490311416, 25.733085749487884 ], [ -100.240355464550703, 25.733085772723257 ], [ -100.240314681577217, 25.733056201278707 ], [ -100.240312904940055, 25.733055096649256 ], [ -100.240302368038485, 25.733047501152356 ], [ -100.240253709759429, 25.733013799796787 ], [ -100.24025273074264, 25.733013134779505 ], [ -100.240221454979817, 25.732992155658337 ], [ -100.240185452384637, 25.732968630948168 ], [ -100.240174337654196, 25.732961501216675 ], [ -100.240174322781741, 25.732961491708682 ], [ -100.240091089151605, 25.732910016529573 ], [ -100.240073938545351, 25.732899819768214 ], [ -100.239996026558927, 25.732855183699318 ], [ -100.239990690312666, 25.732852225798172 ], [ -100.239934564672211, 25.73282185831096 ], [ -100.239904760331783, 25.732806275896326 ], [ -100.239892054531452, 25.73279974739641 ], [ -100.239890146276892, 25.732798771808117 ], [ -100.239879317334825, 25.732793268406155 ], [ -100.23987600124984, 25.732791591303322 ], [ -100.239862714834217, 25.73278491947649 ], [ -100.239860154608849, 25.732783644340685 ], [ -100.239848624310383, 25.732777922633279 ], [ -100.239847341296112, 25.732777290174891 ], [ -100.239834497785466, 25.732770987114318 ], [ -100.239813836079833, 25.732760988809975 ], [ -100.239804527347474, 25.73275653762434 ], [ -100.23980064814566, 25.732754695100741 ], [ -100.239761549908351, 25.732736429830478 ], [ -100.23975809352909, 25.732734843306673 ], [ -100.23972345995027, 25.732719200254124 ], [ -100.239705268705904, 25.732711165105467 ], [ -100.239669083570391, 25.732695547554446 ], [ -100.23965865837333, 25.73269113690505 ], [ -100.23963178471277, 25.732679950176696 ], [ -100.239623066596479, 25.732676377126424 ], [ -100.239608362769502, 25.732670413170698 ], [ -100.239607441760242, 25.732670041511128 ], [ -100.23959362769051, 25.732664512639669 ], [ -100.239562354444629, 25.732652245720125 ], [ -100.239546786470186, 25.732646263954127 ], [ -100.239542996539399, 25.732644823176766 ], [ -100.239542867390654, 25.732644792160301 ], [ -100.239540210514619, 25.732644168713087 ], [ -100.239491224813946, 25.732632649303799 ], [ -100.23947626921813, 25.732629131993477 ], [ -100.239448514187842, 25.732623045160832 ], [ -100.239424447984263, 25.732617767290336 ], [ -100.239386307623789, 25.732609402436648 ], [ -100.239347126602638, 25.73260080930773 ], [ -100.239315939225179, 25.732593969640831 ], [ -100.239275356842384, 25.732585069401416 ], [ -100.239244213895233, 25.732578239510808 ], [ -100.239216830250626, 25.732572233509188 ], [ -100.239177744613926, 25.732563661468074 ], [ -100.239144029333673, 25.732556267331258 ], [ -100.239124754828552, 25.732552040039064 ], [ -100.23908280663899, 25.732542840378752 ], [ -100.239067257681967, 25.73253943030678 ], [ -100.239013415601192, 25.732527621787845 ], [ -100.238994746433022, 25.73252352742573 ], [ -100.238951955423403, 25.732514142738381 ], [ -100.238922793147395, 25.732507747153726 ], [ -100.238893746365491, 25.732501376273234 ], [ -100.238873226876166, 25.732496876384449 ], [ -100.23882451410968, 25.732486192637918 ], [ -100.238810065058317, 25.732483023684477 ], [ -100.23877264915825, 25.732474817900943 ], [ -100.238748687842531, 25.732469562576295 ], [ -100.238724901259403, 25.732464345906092 ], [ -100.238723165188006, 25.73246413104345 ], [ -100.238688970100796, 25.732459814858831 ], [ -100.238665487595753, 25.732456853305976 ], [ -100.23863412867469, 25.732452898377279 ], [ -100.238585805676038, 25.732446804808827 ], [ -100.238581060060397, 25.732446206061507 ], [ -100.238580160052706, 25.732446092745707 ], [ -100.238556667495942, 25.732443130190084 ], [ -100.238529771944613, 25.732439738383356 ], [ -100.238510886535479, 25.732437356477298 ], [ -100.238495862710721, 25.732435462007906 ], [ -100.23846991746818, 25.732432190037013 ], [ -100.238432642524955, 25.732427489433515 ], [ -100.238421507494508, 25.732426084842039 ], [ -100.238402691323813, 25.732423711967851 ], [ -100.238351748785234, 25.732417287320679 ], [ -100.238344121489277, 25.732416325536288 ], [ -100.238305479675375, 25.732411452391048 ], [ -100.238302950655736, 25.732411133465661 ], [ -100.238249862545914, 25.732404438517516 ], [ -100.238244406870024, 25.732403750519005 ], [ -100.238202215912906, 25.732398429529788 ], [ -100.238180380195217, 25.732395676032183 ], [ -100.238149115387316, 25.732391733044331 ], [ -100.238083267404221, 25.732383428846848 ], [ -100.238061850037298, 25.732380727977713 ], [ -100.237974310727864, 25.732369687718535 ], [ -100.237918303687593, 25.732362624575565 ], [ -100.237870336652406, 25.732357058717326 ], [ -100.237664439120266, 25.732333167242242 ], [ -100.237459513697132, 25.732307385252639 ], [ -100.237452409519406, 25.732306491772334 ], [ -100.237458518920093, 25.732287503557362 ], [ -100.237491768791259, 25.732184163283353 ], [ -100.237491812921405, 25.732184030700026 ], [ -100.237515365460553, 25.732112951371171 ], [ -100.237534858968445, 25.732052221991353 ], [ -100.237554325104014, 25.731991304966375 ], [ -100.23757334948219, 25.731931785500691 ], [ -100.23759275610108, 25.731871059527784 ], [ -100.237610322954581, 25.731809122373463 ], [ -100.237631059908907, 25.731746299732741 ], [ -100.237651171808281, 25.731687261313226 ], [ -100.237670654535435, 25.731624076783955 ], [ -100.237689291122336, 25.73156364209736 ], [ -100.237708289097014, 25.731502041760031 ], [ -100.237726962800366, 25.731441542522553 ], [ -100.237746328545001, 25.731382133609007 ], [ -100.237747737530427, 25.731377813890099 ], [ -100.237765028068864, 25.731324815714441 ], [ -100.237767213735907, 25.73131811713764 ], [ -100.237785688750932, 25.731261490558957 ], [ -100.23778806915503, 25.731254195121547 ], [ -100.23780709172685, 25.731195891745237 ], [ -100.237825892015408, 25.731134386207355 ], [ -100.237836644496568, 25.731099208753509 ], [ -100.237854624254425, 25.731042697707952 ], [ -100.237862187959792, 25.731018927980067 ], [ -100.23787589139279, 25.730975858242598 ], [ -100.237879950208026, 25.730963099626489 ], [ -100.237895690985923, 25.730913619466758 ], [ -100.237901489647328, 25.730895395009533 ], [ -100.237914146789763, 25.73085560564957 ], [ -100.237921367403402, 25.730832945745412 ], [ -100.237933990641352, 25.730793535633776 ], [ -100.237940008064328, 25.730774752648912 ], [ -100.237941768281686, 25.730769256660384 ], [ -100.237953091530642, 25.730733906277312 ], [ -100.237959772913854, 25.730713045134724 ], [ -100.237972968567149, 25.730671848820524 ], [ -100.237978704308929, 25.730653941767088 ], [ -100.237991970913939, 25.730612522181417 ], [ -100.237998624875374, 25.730591753334306 ], [ -100.23801029714221, 25.7305522763616 ], [ -100.238017148650243, 25.730533920914176 ], [ -100.238030058047784, 25.730493617695121 ], [ -100.238036790707284, 25.730472460651519 ], [ -100.238049290104627, 25.730432968082521 ], [ -100.23805502371826, 25.730414857646611 ], [ -100.238070594771258, 25.730365663667595 ], [ -100.238074673489024, 25.730352776415394 ], [ -100.238080624491658, 25.730333974720125 ], [ -100.238095563788264, 25.730286775122227 ], [ -100.238119942251714, 25.730209752144766 ], [ -100.238132688472533, 25.730155300251148 ], [ -100.238083720887801, 25.730144334704072 ], [ -100.238130057870464, 25.729962393522719 ], [ -100.238130106701746, 25.72996220148573 ], [ -100.238195147682276, 25.729975447630181 ], [ -100.238267611424149, 25.72998806542299 ], [ -100.238292157127162, 25.729992738869022 ], [ -100.238336279000308, 25.730001139370771 ], [ -100.238408446331732, 25.730015260472509 ], [ -100.23847576322359, 25.730028236642859 ], [ -100.238544022152382, 25.730040421156758 ], [ -100.238615869627324, 25.730054921694368 ], [ -100.238617526445154, 25.730055361505805 ], [ -100.238686972978712, 25.730073798360134 ], [ -100.238756027361049, 25.730092711682222 ], [ -100.238821923849585, 25.730112542491522 ], [ -100.238895287071955, 25.730134617800818 ], [ -100.238955651597053, 25.73015277206499 ], [ -100.239022480693194, 25.730172721170781 ], [ -100.239092546954296, 25.73019392304624 ], [ -100.239161395613834, 25.730214184627883 ], [ -100.239226505723607, 25.730233619425668 ], [ -100.239297698273774, 25.730254013016481 ], [ -100.239355957824202, 25.730270669170363 ], [ -100.239422771141676, 25.730289768234844 ], [ -100.239432579049222, 25.730292570896534 ], [ -100.239488714372143, 25.730308615606543 ], [ -100.239497716235348, 25.730311189608713 ], [ -100.239553908299825, 25.7303272338103 ], [ -100.239564811434605, 25.730330341875025 ], [ -100.239623056341003, 25.730346946659694 ], [ -100.239676135354415, 25.730362077391376 ], [ -100.239688185937254, 25.730365511823763 ], [ -100.23975549149263, 25.730384428838377 ], [ -100.239785506102578, 25.73039282744212 ], [ -100.239824159349226, 25.73040364681734 ], [ -100.239890191079141, 25.730422127134602 ], [ -100.239922448728663, 25.730431191747783 ], [ -100.239956309744301, 25.730441694322966 ], [ -100.240019004370438, 25.730461132189454 ], [ -100.240086693149948, 25.730482118299605 ], [ -100.240142925802303, 25.730499553590814 ], [ -100.240153203403707, 25.730502741871415 ], [ -100.240219345928935, 25.730520955605694 ], [ -100.240290018408416, 25.730540003746359 ], [ -100.240347376252515, 25.730556697681486 ], [ -100.2405079270968, 25.730606319194209 ], [ -100.240273716140337, 25.730316882706401 ], [ -100.240070363579292, 25.730065579237948 ], [ -100.240049345036823, 25.730039596940898 ], [ -100.23980940300531, 25.729746051064485 ], [ -100.239480846596592, 25.729344089854148 ], [ -100.239353893504415, 25.729210111747495 ], [ -100.238996823419612, 25.728833388388935 ], [ -100.238985978366514, 25.728821274620291 ], [ -100.238965971753444, 25.728798921150073 ], [ -100.238775038430347, 25.728600604871577 ], [ -100.238776113561713, 25.728600570037582 ], [ -100.238534958172522, 25.728348620552097 ], [ -100.238407810062839, 25.728347959136354 ], [ -100.238222817228007, 25.728341603276188 ], [ -100.238029419698719, 25.728329092490384 ], [ -100.238057766362758, 25.728099605279169 ], [ -100.238143308514253, 25.728102009053913 ], [ -100.238160225635028, 25.72810383931305 ], [ -100.238284766681701, 25.728098089856068 ], [ -100.238364321842212, 25.728094874408239 ], [ -100.238451952061013, 25.728089438541996 ], [ -100.238535076953681, 25.728085134988739 ], [ -100.238619527385211, 25.728080783721467 ], [ -100.238696423914476, 25.7280767107329 ], [ -100.238706001342337, 25.728076451598398 ], [ -100.23876896996255, 25.72807320138752 ], [ -100.238790683779513, 25.728072136798129 ], [ -100.238844935990201, 25.728069662925424 ], [ -100.238864397367067, 25.728068615336959 ], [ -100.238921598490577, 25.728065589667317 ], [ -100.238941525120197, 25.728064503855759 ], [ -100.238995312089457, 25.728062070281013 ], [ -100.239014846376321, 25.728060987796017 ], [ -100.239070883182976, 25.728057830661868 ], [ -100.239092437506258, 25.728056202152722 ], [ -100.239145592823448, 25.728053033099147 ], [ -100.239161474267547, 25.728052546894165 ], [ -100.239219062751033, 25.728048811274306 ], [ -100.239237975431891, 25.728047734046704 ], [ -100.239292220312478, 25.728044555672117 ], [ -100.239306934185279, 25.728044079382958 ], [ -100.239377910228612, 25.728039842294635 ], [ -100.2393886497361, 25.728039044395864 ], [ -100.2394625876139, 25.728034818467805 ], [ -100.239481266302491, 25.72803374319939 ], [ -100.239538080289904, 25.728030542876752 ], [ -100.239567732490116, 25.728028669836899 ], [ -100.239608591080071, 25.728026346032244 ], [ -100.239651642710413, 25.728024887800622 ], [ -100.239725357358623, 25.728021931127337 ], [ -100.239725464656658, 25.728021963935511 ], [ -100.239720178360841, 25.728003003551219 ], [ -100.239704314110881, 25.727944977527766 ], [ -100.239681728169614, 25.727869694205587 ], [ -100.239799343665169, 25.727861938439872 ], [ -100.239836000241354, 25.727858999993739 ], [ -100.239808000350592, 25.727761000964836 ], [ -100.239775549388298, 25.72776291071396 ], [ -100.239652150053928, 25.727766112461165 ], [ -100.239650884299536, 25.727761440803512 ], [ -100.239644174268264, 25.727736646988383 ], [ -100.239634038325775, 25.727697633782938 ], [ -100.239629129129796, 25.727678736021762 ], [ -100.239627899729825, 25.727674378785558 ], [ -100.239625004310426, 25.727664132911194 ], [ -100.239615440853839, 25.72762721518097 ], [ -100.239607337070069, 25.727597485306742 ], [ -100.239600767223308, 25.72757207582087 ], [ -100.239589502494113, 25.727529742916502 ], [ -100.239587649378876, 25.727521995316419 ], [ -100.239573131293099, 25.727467948693828 ], [ -100.23957182759321, 25.727462352433982 ], [ -100.239559268333835, 25.72741530529159 ], [ -100.239554646491982, 25.727397674711245 ], [ -100.239545334129517, 25.727363084275932 ], [ -100.239537787057927, 25.727333698646923 ], [ -100.23953137616455, 25.727309026458478 ], [ -100.239519948383304, 25.727265780714173 ], [ -100.239517766797533, 25.727258040189252 ], [ -100.239503334339844, 25.7272028987623 ], [ -100.23950172814564, 25.727198219293815 ], [ -100.239489241435777, 25.727150640550054 ], [ -100.239482582160974, 25.727124351854272 ], [ -100.239474733186839, 25.727095709584265 ], [ -100.239463312231692, 25.727053345878613 ], [ -100.23946183790224, 25.727046337990306 ], [ -100.23944757099008, 25.726992111506501 ], [ -100.239443195953626, 25.726975712053257 ], [ -100.239433236496922, 25.726939116686552 ], [ -100.239423500609149, 25.726901286184798 ], [ -100.239423309407883, 25.726899487206751 ], [ -100.239421923351358, 25.726886402329317 ], [ -100.239408217863385, 25.726842321677498 ], [ -100.239405268981912, 25.72683284273937 ], [ -100.239403645639385, 25.726826508400517 ], [ -100.239391737160574, 25.726782029215741 ], [ -100.239385079373932, 25.726755879667209 ], [ -100.239378043502725, 25.726730651835449 ], [ -100.239366435703218, 25.726685078165421 ], [ -100.239364341090365, 25.72667842882154 ], [ -100.239349832588033, 25.726623461441349 ], [ -100.239336547962878, 25.726573915436834 ], [ -100.239331604714224, 25.726555371219533 ], [ -100.239322046646024, 25.726519866492364 ], [ -100.239311668212039, 25.726480240839951 ], [ -100.239308336606996, 25.726466902739499 ], [ -100.239294248116352, 25.726414824307316 ], [ -100.23929172826341, 25.726404547395074 ], [ -100.23927974736236, 25.726360597646305 ], [ -100.239272029460494, 25.726329768254985 ], [ -100.239266217498397, 25.726309961793532 ], [ -100.239252514813629, 25.726257702368326 ], [ -100.23923800625559, 25.726202946933334 ], [ -100.239232816418422, 25.726182957473096 ], [ -100.239223497878328, 25.726147979532804 ], [ -100.23921231913323, 25.726106388789297 ], [ -100.239210213366718, 25.726098433509737 ], [ -100.23919571269532, 25.72604420683524 ], [ -100.239182004639858, 25.725991422893557 ], [ -100.239177074602594, 25.72597414818571 ], [ -100.239168307892797, 25.725939728637172 ], [ -100.239159882079562, 25.725908551987636 ], [ -100.239153806741101, 25.725885679665726 ], [ -100.239142616853627, 25.725842780840445 ], [ -100.239139193600991, 25.725830402694164 ], [ -100.239126814244415, 25.725783345400618 ], [ -100.239124712173776, 25.725775745498474 ], [ -100.239112478785387, 25.725729999412124 ], [ -100.239107539273263, 25.72571180842111 ], [ -100.239098215853232, 25.72567612397064 ], [ -100.239084522845587, 25.725624782940102 ], [ -100.239210653682932, 25.725600043308173 ], [ -100.239233000036322, 25.725595000071888 ], [ -100.239206000004728, 25.725489999765948 ], [ -100.23918977015515, 25.725493497074567 ], [ -100.23905832433023, 25.725521960171843 ], [ -100.239042437691836, 25.725456688988551 ], [ -100.239036426174309, 25.725431987677908 ], [ -100.239022324263829, 25.725378817395072 ], [ -100.239019720963526, 25.725368010209952 ], [ -100.239009100000615, 25.725327540880389 ], [ -100.238995154458991, 25.725274403520242 ], [ -100.238980634254389, 25.725218271463419 ], [ -100.239117529895111, 25.725187940081508 ], [ -100.239088255941539, 25.72509123469208 ], [ -100.238952623960444, 25.725115312058868 ], [ -100.238928094109099, 25.725025231314572 ], [ -100.238914553587279, 25.724973535693149 ], [ -100.238912519145401, 25.724965160158852 ], [ -100.238900761194088, 25.724920114401119 ], [ -100.238887295430132, 25.724868103408888 ], [ -100.23887303089964, 25.724814052382712 ], [ -100.238873016733066, 25.724813996836414 ], [ -100.239025000142249, 25.724782000007487 ], [ -100.23899694178769, 25.724678785694771 ], [ -100.238846045843147, 25.724709990699214 ], [ -100.238832004753561, 25.72465731177239 ], [ -100.238817186481654, 25.724602736611736 ], [ -100.238803577187497, 25.724551921522046 ], [ -100.238798396123627, 25.724532991772694 ], [ -100.238788757291971, 25.724496958844572 ], [ -100.23877425394133, 25.724442661474637 ], [ -100.238751094120715, 25.724356801851613 ], [ -100.238856106768765, 25.724343388293818 ], [ -100.238827999922762, 25.724241000249847 ], [ -100.238720740242115, 25.724253226418185 ], [ -100.238708647825362, 25.724205997489406 ], [ -100.238694465475049, 25.724152333264165 ], [ -100.23868270368412, 25.724106899985802 ], [ -100.238668502914862, 25.724051683667085 ], [ -100.238653262491624, 25.723993761359168 ], [ -100.238643284200776, 25.723955296951836 ], [ -100.238639725884042, 25.723942418935088 ], [ -100.238625939230502, 25.723889526388419 ], [ -100.238619449663261, 25.723864293857268 ], [ -100.238612464583397, 25.723836633328531 ], [ -100.238598925441238, 25.72378504256077 ], [ -100.238597221646387, 25.723778462673529 ], [ -100.238584748321372, 25.723731872852387 ], [ -100.238574760563509, 25.723692490016692 ], [ -100.238570628547308, 25.723676936305235 ], [ -100.238558339350107, 25.723629865324899 ], [ -100.2385550530487, 25.723616548222825 ], [ -100.238543221617036, 25.723572138931043 ], [ -100.238534944075383, 25.723539725592087 ], [ -100.238529437774091, 25.723519280602854 ], [ -100.238515885203668, 25.723466386050383 ], [ -100.238503564593884, 25.723419700715226 ], [ -100.238487589768184, 25.723358633027427 ], [ -100.238471775964399, 25.723304665763226 ], [ -100.23846933550233, 25.723296334349762 ], [ -100.238465554371118, 25.723286414446878 ], [ -100.238670259106684, 25.72324749384347 ], [ -100.238794688533659, 25.723674924512387 ], [ -100.240017710465253, 25.723417194675044 ], [ -100.239855036360709, 25.722799346311636 ], [ -100.239841209600954, 25.722746497580719 ], [ -100.240212411707475, 25.722808992212528 ], [ -100.240333175727358, 25.723258783574078 ], [ -100.240333367607278, 25.723258824761309 ], [ -100.24183744877503, 25.723575918404912 ], [ -100.242009229212968, 25.723956088162133 ], [ -100.2420798140042, 25.724131937123239 ], [ -100.242082308411867, 25.724138154813733 ], [ -100.242130023141854, 25.724122698780796 ], [ -100.242281663658559, 25.724072382892544 ], [ -100.242432759182165, 25.724022176407072 ], [ -100.242543861130954, 25.723982572766904 ], [ -100.242702663143703, 25.723927716349866 ], [ -100.242703411752856, 25.723929472030573 ], [ -100.242728633121331, 25.723988509849978 ], [ -100.242731267779348, 25.723994801268358 ], [ -100.242753058614525, 25.724045790245533 ], [ -100.242760638876391, 25.724063536797473 ], [ -100.242778671284597, 25.724105175844965 ], [ -100.242789368623136, 25.72413037227528 ], [ -100.242804210198926, 25.724164739773048 ], [ -100.242818573188543, 25.72419808794011 ], [ -100.242830229181735, 25.724225462178342 ], [ -100.24284746984506, 25.724266193749816 ], [ -100.242854334209667, 25.724282145798288 ], [ -100.242876197133967, 25.724332783008826 ], [ -100.242879399369471, 25.724341148519589 ], [ -100.242915631019955, 25.724425450703347 ], [ -100.24295291857851, 25.724521735759943 ], [ -100.242980081527136, 25.724587668196108 ], [ -100.242987980421148, 25.72460604575879 ], [ -100.243005320033404, 25.724648326565767 ], [ -100.243016582341056, 25.724675564976788 ], [ -100.243031509750779, 25.724710672508198 ], [ -100.243043468489503, 25.724737374000572 ], [ -100.243055676261022, 25.724765520701247 ], [ -100.243073616443411, 25.724805997911741 ], [ -100.243079918802692, 25.724820404638063 ], [ -100.243104330335939, 25.724876308397789 ], [ -100.243134632858087, 25.724944787525594 ], [ -100.243157789604624, 25.725000033979406 ], [ -100.243162337042307, 25.72501046908269 ], [ -100.243181585347941, 25.725056720169423 ], [ -100.243191805375304, 25.725081004275349 ], [ -100.243204098181621, 25.725109820376108 ], [ -100.24321735790231, 25.725141835483203 ], [ -100.243231727012528, 25.725175748777421 ], [ -100.24325895909837, 25.725240798454472 ], [ -100.243295174953616, 25.725335118516305 ], [ -100.243329549090717, 25.725414846058882 ], [ -100.243354540593259, 25.725473309766105 ], [ -100.24335742590543, 25.725480059351788 ], [ -100.243385496440027, 25.725545487228462 ], [ -100.243402881921895, 25.725588968699398 ], [ -100.243412757479845, 25.725612621981419 ], [ -100.243427905010805, 25.725648643942019 ], [ -100.243440310737512, 25.725677396963992 ], [ -100.243456047118784, 25.725713446010928 ], [ -100.243471157429354, 25.725747023231449 ], [ -100.243481423642336, 25.725769827468174 ], [ -100.243501670601702, 25.725814804631504 ], [ -100.243507515911617, 25.725828208952862 ], [ -100.243529823667302, 25.725881788294707 ], [ -100.24353165154119, 25.725886178926082 ], [ -100.243558238156908, 25.725950041489277 ], [ -100.243581854267688, 25.726005326757107 ], [ -100.243585636915242, 25.726014036281146 ], [ -100.243607243066648, 25.726063784877407 ], [ -100.243615786680323, 25.72608345221483 ], [ -100.243631740369167, 25.726121066614144 ], [ -100.243645255980525, 25.726151300294728 ], [ -100.243656570019098, 25.726177347790657 ], [ -100.243673527908797, 25.726217424356619 ], [ -100.24368133078525, 25.726236547768352 ], [ -100.243701317077111, 25.726285535122567 ], [ -100.243706131693585, 25.726297331757291 ], [ -100.243738497846309, 25.726376658818026 ], [ -100.243779371303845, 25.726471472081101 ], [ -100.24381205000536, 25.726548342837155 ], [ -100.243836914642273, 25.726606833214852 ], [ -100.243862433568893, 25.726666868104001 ], [ -100.243888139009314, 25.72672733388233 ], [ -100.243911566899186, 25.726782445125188 ], [ -100.243936841089493, 25.726841895446231 ], [ -100.243962641100964, 25.726902583067115 ], [ -100.243987360541198, 25.726960734228843 ], [ -100.244011253743068, 25.727016939824598 ], [ -100.244037544201888, 25.727075914702581 ], [ -100.244062958120821, 25.727138558212999 ], [ -100.244084828206852, 25.727190006581292 ], [ -100.244112520753589, 25.727255146328602 ], [ -100.244136765428465, 25.727312179614866 ], [ -100.244163813483297, 25.72737580044317 ], [ -100.244188278723243, 25.727433354245239 ], [ -100.244290733717563, 25.727674349837784 ], [ -100.244292857616912, 25.727673566282093 ], [ -100.244513147435782, 25.727592312644099 ], [ -100.245121432439632, 25.727375562875288 ], [ -100.245218245510202, 25.727336402556951 ], [ -100.245226613183348, 25.727333018874539 ], [ -100.245234069935734, 25.727330002669394 ], [ -100.245351989177735, 25.727282303309622 ], [ -100.245375901158567, 25.727272633444802 ], [ -100.245449571781805, 25.727242832238055 ], [ -100.245398565108431, 25.727175672883543 ], [ -100.245334551168654, 25.727091387297317 ], [ -100.24530159863636, 25.727110636295951 ], [ -100.245156740275021, 25.727161254971573 ], [ -100.245079317544906, 25.72709906041473 ], [ -100.24496162654107, 25.726950335671418 ], [ -100.244885930123317, 25.726864819051151 ], [ -100.244829528119226, 25.726788341805754 ], [ -100.244792202492746, 25.726738558576109 ], [ -100.244789354832321, 25.726734754752336 ], [ -100.244752599770351, 25.726685737405663 ], [ -100.244673293650919, 25.726579950298682 ], [ -100.244589757344869, 25.726503058161345 ], [ -100.244575577707565, 25.726350496332408 ], [ -100.244569535286104, 25.726285480039188 ], [ -100.244566836505314, 25.726251929670081 ], [ -100.244586633418947, 25.726217988025095 ], [ -100.244603090889996, 25.726189763609071 ], [ -100.244619072486614, 25.726139443590199 ], [ -100.244647117320724, 25.726059069712143 ], [ -100.244660353175348, 25.726028357105729 ], [ -100.244682623716244, 25.725966389702247 ], [ -100.244683537578297, 25.725963808382545 ], [ -100.244698952758355, 25.725919933399084 ], [ -100.244699852416744, 25.725917350059593 ], [ -100.244703041232995, 25.725908065023134 ], [ -100.244704281945076, 25.725904412539279 ], [ -100.244724124471219, 25.725855791615494 ], [ -100.24472516739398, 25.725842223590472 ], [ -100.244738969305089, 25.725800728218442 ], [ -100.244739833398583, 25.725798134477426 ], [ -100.24474330167871, 25.725787767975714 ], [ -100.244744177611608, 25.725785176274535 ], [ -100.244760746191503, 25.725736531931144 ], [ -100.244764537905255, 25.725725674511907 ], [ -100.244765449400461, 25.725723093211926 ], [ -100.244782507284825, 25.725675361044875 ], [ -100.244785756356066, 25.725666415914969 ], [ -100.244786693937513, 25.725663842956095 ], [ -100.244804550831816, 25.725614986344912 ], [ -100.244809250641225, 25.725602130012383 ], [ -100.24481018822172, 25.725599557053371 ], [ -100.244825104308845, 25.72555837973141 ], [ -100.244826034776068, 25.725555804692071 ], [ -100.244828437165637, 25.725549082756562 ], [ -100.244829702151534, 25.72554549215403 ], [ -100.244845931553428, 25.725499010994049 ], [ -100.24485121840776, 25.725483514042068 ], [ -100.244866921169987, 25.725436851110118 ], [ -100.244869964944399, 25.725427712899126 ], [ -100.244871232180301, 25.725423884623183 ], [ -100.244890073974986, 25.725366791625383 ], [ -100.244910984910504, 25.72530298167678 ], [ -100.244931977029182, 25.725239252390608 ], [ -100.24495493104763, 25.725175758979194 ], [ -100.244956185479822, 25.725172290504254 ], [ -100.244983530867358, 25.725091522168718 ], [ -100.244995016595183, 25.725057777808079 ], [ -100.245016182431215, 25.724996438551582 ], [ -100.245030003553254, 25.724955443988904 ], [ -100.245037712216657, 25.724933053643667 ], [ -100.24505766483361, 25.724874831376617 ], [ -100.245066734958925, 25.724848584113893 ], [ -100.245078372593596, 25.724814450923216 ], [ -100.245099227490954, 25.724753221363446 ], [ -100.245102551254192, 25.724743282152577 ], [ -100.245119937775485, 25.724693087100761 ], [ -100.245138897878661, 25.72463670816359 ], [ -100.245140564316984, 25.724632176358547 ], [ -100.245160816905184, 25.724573035155469 ], [ -100.245161802519775, 25.724570309770982 ], [ -100.245181465281547, 25.724514451516079 ], [ -100.245185703498123, 25.724502671770541 ], [ -100.245202795931135, 25.724453748850767 ], [ -100.245209897112673, 25.724432950188426 ], [ -100.24522441540924, 25.72439127736784 ], [ -100.245234093264955, 25.724363474798725 ], [ -100.245245063748939, 25.724332695861186 ], [ -100.245258069192928, 25.724295551389975 ], [ -100.245265406140859, 25.724274470235695 ], [ -100.245281812944711, 25.72422735162835 ], [ -100.245285739505576, 25.724215606658976 ], [ -100.245306712626189, 25.724158257740097 ], [ -100.245308301059438, 25.724153726599905 ], [ -100.245330020147151, 25.724093339609773 ], [ -100.245351903762341, 25.724033546415516 ], [ -100.24535613532386, 25.724021130837464 ], [ -100.245372939004511, 25.723974678969295 ], [ -100.245380335376154, 25.723952045057882 ], [ -100.245392473054551, 25.723913743273989 ], [ -100.245403517439613, 25.723882578308743 ], [ -100.245428998980174, 25.723839402968007 ], [ -100.24549028001951, 25.723853868483992 ], [ -100.245590290537365, 25.723878688759363 ], [ -100.24560122344576, 25.723881522081118 ], [ -100.245650173411377, 25.723893483030878 ], [ -100.245662137357684, 25.723898178790172 ], [ -100.245723207150363, 25.723922308461106 ], [ -100.245840653994506, 25.723968882181317 ], [ -100.245947807806985, 25.724011418063728 ], [ -100.24599540875343, 25.724033635237134 ], [ -100.245995482376273, 25.724033668863978 ], [ -100.246093959336946, 25.724079824371739 ], [ -100.246219008079592, 25.724026417535047 ], [ -100.246420227610784, 25.723951546124962 ], [ -100.246486169943594, 25.724017253179497 ], [ -100.246512350748461, 25.724056143598329 ], [ -100.246538541412519, 25.724103458861581 ], [ -100.246569494015901, 25.724159312467329 ], [ -100.246603542014228, 25.724220738363243 ], [ -100.246633520153367, 25.724275163662043 ], [ -100.246667002134458, 25.724336476626643 ], [ -100.246699300962575, 25.724395618000919 ], [ -100.246731587315494, 25.72445310660213 ], [ -100.246762259665203, 25.724507680083235 ], [ -100.246794538387377, 25.724565110925521 ], [ -100.24682425702801, 25.724618660577978 ], [ -100.246873038916917, 25.724707157757379 ], [ -100.246850372938312, 25.72478411174281 ], [ -100.247478942119145, 25.725892847773238 ], [ -100.247708949782989, 25.726314055960295 ], [ -100.247944351351208, 25.726742801020141 ], [ -100.248155032673992, 25.727110858132185 ], [ -100.248377083908323, 25.727492646331665 ], [ -100.248572324706657, 25.727856287497623 ], [ -100.248784193590396, 25.72822631594439 ], [ -100.248991487302774, 25.728597665723001 ], [ -100.249130886221053, 25.728844216878986 ], [ -100.249218537075706, 25.728848234997901 ], [ -100.249208323978863, 25.728857049913636 ], [ -100.249371652044346, 25.729136034439975 ], [ -100.249610741604982, 25.729031922421363 ], [ -100.250256508500598, 25.729036035902393 ], [ -100.250365445228198, 25.729009588040601 ], [ -100.250934231140434, 25.728871495775586 ], [ -100.251554210642198, 25.728795414605536 ], [ -100.252031952066289, 25.72879418726064 ], [ -100.252295395569604, 25.728781975297444 ], [ -100.252429299416463, 25.728775767682105 ], [ -100.252790426088936, 25.728759026604489 ], [ -100.253603357493859, 25.728606929421467 ], [ -100.253790153462276, 25.72855973324554 ], [ -100.253726323394801, 25.728364981888102 ], [ -100.253723389757468, 25.72835549029795 ], [ -100.253682704712858, 25.728223786549684 ], [ -100.253651669887674, 25.728123327157782 ], [ -100.253631087643427, 25.728056698002675 ], [ -100.253611234641539, 25.727992436960349 ], [ -100.253606966868347, 25.727978621279998 ], [ -100.254200174209657, 25.727799124896041 ], [ -100.254080021043308, 25.72748268387738 ], [ -100.25407487493041, 25.727469131087982 ], [ -100.254074946800927, 25.727468715646648 ], [ -100.254149888865271, 25.727036167859985 ], [ -100.254258279344398, 25.72641055459183 ], [ -100.254275649245542, 25.726310296824646 ], [ -100.254760527097972, 25.725022993245709 ], [ -100.254824349900275, 25.725017626310294 ], [ -100.254824241756083, 25.725017344091654 ], [ -100.254872473403935, 25.725003027057401 ], [ -100.254872126337759, 25.725002219670177 ], [ -100.255198522340265, 25.724896964671387 ], [ -100.255187258540772, 25.724864895012654 ], [ -100.25529030193168, 25.724792248852875 ], [ -100.255387849105148, 25.724765009638272 ], [ -100.255414941190907, 25.724751289923073 ], [ -100.255437036471037, 25.724750842622477 ], [ -100.255475617530877, 25.72475006004138 ], [ -100.255493322220559, 25.72480091569215 ], [ -100.255702660856485, 25.725402233379931 ], [ -100.255758433369721, 25.725562437333181 ], [ -100.256050096133578, 25.726400214139296 ], [ -100.256155605013348, 25.726703275237501 ], [ -100.256352919163646, 25.727270032755861 ], [ -100.256429059335005, 25.727488733216223 ] ] ] ] } },
{ "type": "Feature", "properties": { "F_ING": null, "CODIGO_MS": null, "NOM_MS": "LOPEZ MATEOS II PTE.", "TIP_INFO": "PLANO DE SECTORIZACION", "CONS_ZP": null, "ESTADO_MS": "EN OPERACION 0111", "ID_MEDIDOR": null, "Q_MEDIO": 0.0, "Q_FACTURAD": 0.0, "MARCA_CONT": null, "MARCA_VAL": null, "P_MIN": 0.0, "P_MAX": 0.0, "P_ENTRADA": 0.0, "P_SALIDA": 0.0, "LONG_RED": 0.0, "CANT_TOMAS": 0.0, "CANT_MEDID": 0.0, "PORCENTAJE": 0.0, "GASTO_MEDI": 0.0, "NUMERO_CIR": 12, "TOMAS_NS": 0.0, "MEDIDORES_": 0.0, "DIAM_VAL": null, "CLORO": 0.0, "PH_H2O": 0.0, "TEMP_AGUA": 0, "RESP_MS": null, "FECHA_PRUE": null, "REF_DIR_ME": null, "TIP_MODI": null, "CONS_M3_US": 0.0, "CREATED_US": "VJUAREZ", "CREATED_DA": "2022-07-01", "LAST_EDITE": "VJUAREZ", "LAST_EDI_1": "2022-07-01", "Shape_Leng": 11599.3802187, "Shape_Area": 1125935.8102 }, "geometry": { "type": "MultiPolygon", "coordinates": [ [ [ [ -100.468223339156566, 25.698659123961946 ], [ -100.46827342731342, 25.698633355233312 ], [ -100.468221885115398, 25.698576471684223 ], [ -100.468043239584333, 25.698119536846978 ], [ -100.468029854644101, 25.698137994586293 ], [ -100.467947260242738, 25.698251898292572 ], [ -100.467880440740814, 25.698416890087074 ], [ -100.467856695229301, 25.698461212608418 ], [ -100.4678261656545, 25.698517487610651 ], [ -100.467796293786563, 25.6985732999722 ], [ -100.467764817044298, 25.69863148990715 ], [ -100.467734101441721, 25.698688402614565 ], [ -100.46770498795739, 25.698742620910849 ], [ -100.467674270121165, 25.698799355933762 ], [ -100.46764504469752, 25.698853892200493 ], [ -100.467613800263834, 25.69891200911724 ], [ -100.467583009598584, 25.698969170896632 ], [ -100.467552290193808, 25.69902583526185 ], [ -100.467522492316334, 25.69908129411262 ], [ -100.467491398673872, 25.699138950797813 ], [ -100.467462470760495, 25.699192566121805 ], [ -100.467431870581976, 25.699249230869523 ], [ -100.467402260716057, 25.699304229115743 ], [ -100.467370668342525, 25.69936270273681 ], [ -100.467339017071581, 25.699420181421516 ], [ -100.467338758451589, 25.699420673757327 ], [ -100.467308163077092, 25.699478992285453 ], [ -100.467302639359701, 25.699476567097136 ], [ -100.467111458778845, 25.699392620725789 ], [ -100.466720766100011, 25.69920527200189 ], [ -100.466336306621329, 25.699035393549629 ], [ -100.465924167687106, 25.698867023901055 ], [ -100.46554245376781, 25.698688652112448 ], [ -100.465186393895095, 25.698517258296683 ], [ -100.464807700589986, 25.698349580646113 ], [ -100.464423826775118, 25.698193915276136 ], [ -100.464184258492438, 25.698099858205431 ], [ -100.464184198424292, 25.698099970136045 ], [ -100.464083192610829, 25.698288528809019 ], [ -100.464081818606644, 25.698291094037465 ], [ -100.464054937363812, 25.698341274499814 ], [ -100.463992981540471, 25.698313249601625 ], [ -100.463877357283067, 25.69826094553779 ], [ -100.463858217982704, 25.698252321422121 ], [ -100.463865407415085, 25.698238705832772 ], [ -100.463880396355293, 25.698210447312977 ], [ -100.463882530267483, 25.698206546556214 ], [ -100.463885501209916, 25.698201192280138 ], [ -100.46385704718503, 25.698188570402209 ], [ -100.4638211566986, 25.698172602001314 ], [ -100.463757244245542, 25.698144075864604 ], [ -100.463728869364132, 25.698131450489964 ], [ -100.463724171732053, 25.698129419359372 ], [ -100.463695717638586, 25.698116692544676 ], [ -100.463636189290611, 25.698090205983995 ], [ -100.46357086792159, 25.698061093914887 ], [ -100.463541002775941, 25.698047852427557 ], [ -100.463507658966464, 25.698032986644105 ], [ -100.463478696265852, 25.698020016544675 ], [ -100.463472294293609, 25.698017208234191 ], [ -100.463468872665672, 25.698015707543892 ], [ -100.463445115338814, 25.698005082476239 ], [ -100.463412162042943, 25.697990458955349 ], [ -100.46340273001168, 25.697986286784811 ], [ -100.463395214443324, 25.697982943179866 ], [ -100.463381909819319, 25.697977009904058 ], [ -100.463367272400944, 25.69797049054819 ], [ -100.463323084428083, 25.697950799825865 ], [ -100.463259366635398, 25.697922376412997 ], [ -100.463230715923743, 25.697909649871377 ], [ -100.463220815439541, 25.697905235649635 ], [ -100.463209268394806, 25.697900131985275 ], [ -100.463197253216791, 25.697894716698055 ], [ -100.4631875571297, 25.697890398904729 ], [ -100.46317842948875, 25.697886334991885 ], [ -100.463162170522423, 25.697879140907663 ], [ -100.463151149656582, 25.697874264247268 ], [ -100.463135415858034, 25.69786726292428 ], [ -100.463113299997588, 25.697857292504413 ], [ -100.463107275632197, 25.697854637745127 ], [ -100.46309281243262, 25.697848256842089 ], [ -100.463082107732589, 25.697843534360715 ], [ -100.463072715622872, 25.697839291652478 ], [ -100.463014005078449, 25.697813042290878 ], [ -100.463003363482301, 25.697808455653455 ], [ -100.462993459203972, 25.697803971338832 ], [ -100.462979301822784, 25.697797670851109 ], [ -100.462962307621126, 25.697790107855546 ], [ -100.462947277927512, 25.697783486416586 ], [ -100.462934028993601, 25.697777562708808 ], [ -100.46291549709504, 25.697769274915522 ], [ -100.462885555765979, 25.69775592700719 ], [ -100.462841447183195, 25.697736339170653 ], [ -100.462822621731149, 25.697727957433976 ], [ -100.462804697495983, 25.697719989483449 ], [ -100.462742241082637, 25.697692283231635 ], [ -100.462648502266234, 25.697862657565636 ], [ -100.462553982312684, 25.698034344031083 ], [ -100.462372197302614, 25.698366317530912 ], [ -100.462288922035214, 25.698333524889698 ], [ -100.46222681438924, 25.698306145163738 ], [ -100.462161809353574, 25.698277523834495 ], [ -100.462113398794656, 25.698256285460786 ], [ -100.462036066625302, 25.698222288219164 ], [ -100.461971532357921, 25.69819394521679 ], [ -100.461909307154912, 25.698166602389172 ], [ -100.46184809708086, 25.698139566211232 ], [ -100.461783094449004, 25.698110982148197 ], [ -100.461721493125879, 25.698083878652128 ], [ -100.461660953234485, 25.698057293829098 ], [ -100.461597550905466, 25.698029329488463 ], [ -100.461532509072654, 25.698000815281862 ], [ -100.461469891631424, 25.697973264240488 ], [ -100.46140919317628, 25.697946505343172 ], [ -100.461345678799375, 25.697918644240264 ], [ -100.461266251381076, 25.698067037532553 ], [ -100.461220110825721, 25.698153471538379 ], [ -100.461157740247586, 25.698101334316323 ], [ -100.460837159890005, 25.697833336217005 ], [ -100.460100473043497, 25.697237833326096 ], [ -100.460223373563736, 25.696972608034677 ], [ -100.460079380592646, 25.696883295572427 ], [ -100.459990019368036, 25.696836262794903 ], [ -100.459925497667186, 25.696802312194276 ], [ -100.459864421841999, 25.696770158615561 ], [ -100.459806677522934, 25.696739773235532 ], [ -100.459743994710053, 25.696706824821224 ], [ -100.459685620787425, 25.696676057118058 ], [ -100.45962313563183, 25.696643180532071 ], [ -100.459563351227956, 25.696611649209817 ], [ -100.459501377056313, 25.696579154424498 ], [ -100.459444021609841, 25.696549010136131 ], [ -100.459381221684367, 25.696515888245873 ], [ -100.459321752283572, 25.69648460040737 ], [ -100.459262790669015, 25.696453483551792 ], [ -100.459196701761186, 25.696418774356605 ], [ -100.459029662481939, 25.696350581414681 ], [ -100.458964930935025, 25.696321956389312 ], [ -100.458903916214496, 25.696294775659066 ], [ -100.458842901496695, 25.696267738343543 ], [ -100.458777665568221, 25.69623887260795 ], [ -100.458711878103131, 25.696209730829228 ], [ -100.458653839173294, 25.696183967478834 ], [ -100.458591533407485, 25.696156412557251 ], [ -100.458529033532045, 25.69612868131841 ], [ -100.458468921507261, 25.696102022316296 ], [ -100.458403485979019, 25.696073050821973 ], [ -100.458340045438575, 25.696044907146888 ], [ -100.458274843918772, 25.696015936998673 ], [ -100.458216610501523, 25.69599024445677 ], [ -100.458151994958627, 25.695961654826565 ], [ -100.45809008207091, 25.695933987636927 ], [ -100.458059664820382, 25.695990120995507 ], [ -100.457928034600727, 25.695930495469831 ], [ -100.457880631725487, 25.69590911120839 ], [ -100.457880328441277, 25.695909722260836 ], [ -100.457803178630954, 25.696064756771975 ], [ -100.457783304375496, 25.696056984839132 ], [ -100.457542578142451, 25.695962846724992 ], [ -100.457157703644512, 25.695831692042667 ], [ -100.457259062749827, 25.695636893514042 ], [ -100.457207793549358, 25.695621946328774 ], [ -100.457069002116384, 25.69558154099035 ], [ -100.457026110555233, 25.695568956557086 ], [ -100.456991029893658, 25.695558622310738 ], [ -100.456987513776355, 25.695557597155087 ], [ -100.456979778175025, 25.695555417388118 ], [ -100.45694419380186, 25.695545049091564 ], [ -100.456907593102216, 25.695534415832928 ], [ -100.456902590084312, 25.695532806074873 ], [ -100.456867082240194, 25.695522511926466 ], [ -100.456865285986296, 25.695521894556183 ], [ -100.456827902828266, 25.69551108765204 ], [ -100.456823800009431, 25.695509859614681 ], [ -100.456816534252042, 25.695507745259665 ], [ -100.456786105806302, 25.695498880251993 ], [ -100.456779761980243, 25.695497040355875 ], [ -100.45674520663988, 25.695486910075161 ], [ -100.456706180230938, 25.695475484238635 ], [ -100.456665283241605, 25.695463691713144 ], [ -100.456655398417155, 25.695460723061842 ], [ -100.456624772162002, 25.695451717624731 ], [ -100.456618875070504, 25.695450083068604 ], [ -100.456583481155022, 25.695439681200622 ], [ -100.456579889022848, 25.695438622539527 ], [ -100.456542780845922, 25.695427883999042 ], [ -100.456505436637613, 25.695416972251316 ], [ -100.456496097941979, 25.695414172618538 ], [ -100.456463870008704, 25.695404760314215 ], [ -100.456421175061848, 25.695392351965815 ], [ -100.456418168962756, 25.695391392352199 ], [ -100.45638410678815, 25.695381540729379 ], [ -100.456383168623546, 25.695381194172182 ], [ -100.45634895088736, 25.69537127719099 ], [ -100.456339769267672, 25.695368617814882 ], [ -100.456298674896402, 25.695356473368701 ], [ -100.456265002073863, 25.695346722198483 ], [ -100.456263786821296, 25.69534627564375 ], [ -100.456219491134746, 25.695333244692858 ], [ -100.456185702580925, 25.69532349680053 ], [ -100.45618328191027, 25.695322780752406 ], [ -100.456174256694098, 25.695320157804961 ], [ -100.45613956911528, 25.695310026556623 ], [ -100.456100389878713, 25.695298605826494 ], [ -100.456099177662082, 25.69529826307453 ], [ -100.456061990322951, 25.695287420294054 ], [ -100.456023903521313, 25.695276303884221 ], [ -100.456020192830138, 25.695275210532472 ], [ -100.456015075398611, 25.695273711607605 ], [ -100.455980778417995, 25.695263685607028 ], [ -100.455941793169288, 25.69525232979985 ], [ -100.455940074414187, 25.695251818154684 ], [ -100.455900384051162, 25.695240188381167 ], [ -100.455865658335881, 25.695230026403436 ], [ -100.455858587212361, 25.69522798124169 ], [ -100.455758468536914, 25.69519871841111 ], [ -100.455710082449158, 25.695183478568968 ], [ -100.455607393115798, 25.695374581847823 ], [ -100.455400224657126, 25.695310424227994 ], [ -100.455172061337905, 25.695239766189385 ], [ -100.455204707442746, 25.695180668454668 ], [ -100.455059365187097, 25.695071534562146 ], [ -100.453075356170118, 25.693477892141487 ], [ -100.45289558505084, 25.693338514891693 ], [ -100.452988062728082, 25.693245067210118 ], [ -100.452228066262151, 25.692895384617671 ], [ -100.452203704992428, 25.6928930522296 ], [ -100.452247962873045, 25.69280008251722 ], [ -100.452288545330319, 25.69281444428627 ], [ -100.452320605814222, 25.692829467359417 ], [ -100.452398385069529, 25.692865617161665 ], [ -100.452450603628463, 25.692889817733011 ], [ -100.452487650605576, 25.692821842761102 ], [ -100.45252215179103, 25.69275875730861 ], [ -100.452558402341978, 25.692692481579975 ], [ -100.452592823620122, 25.692629291467821 ], [ -100.45262819535553, 25.692564399483153 ], [ -100.45266368665078, 25.692499578555694 ], [ -100.452698680095267, 25.692435501197199 ], [ -100.452734244405576, 25.692370326274869 ], [ -100.452769234738938, 25.692306144562014 ], [ -100.452805409416726, 25.692239868997834 ], [ -100.452837391882184, 25.692181393885093 ], [ -100.452876145844016, 25.692116115432849 ], [ -100.452878475671227, 25.692106042742591 ], [ -100.452909013062666, 25.692049943447341 ], [ -100.452855285594097, 25.692023218395061 ], [ -100.452772384817209, 25.691981969322111 ], [ -100.452711464224251, 25.691957578290594 ], [ -100.452753032113876, 25.691887460119847 ], [ -100.452391515964223, 25.691723771714798 ], [ -100.452633516001015, 25.69129251786039 ], [ -100.452442615218018, 25.691203648551912 ], [ -100.452473617309977, 25.691155032048233 ], [ -100.452478689394709, 25.691145604834325 ], [ -100.452520056461125, 25.691069314313054 ], [ -100.452520276119401, 25.691068917660633 ], [ -100.452565538155383, 25.690988623883456 ], [ -100.452581970867115, 25.690959679276087 ], [ -100.452614854630724, 25.690902086391077 ], [ -100.452628207414392, 25.690878745808568 ], [ -100.452666543034312, 25.690811045380329 ], [ -100.452691806570172, 25.690766062939176 ], [ -100.452722403100566, 25.690711545232993 ], [ -100.452731308966875, 25.690695603536575 ], [ -100.452753204226127, 25.690656170720334 ], [ -100.45275349091645, 25.690655651367365 ], [ -100.452771864502054, 25.690622511005497 ], [ -100.45278702503488, 25.690595149415255 ], [ -100.452796704500727, 25.69057768102563 ], [ -100.452862247906936, 25.690460709724288 ], [ -100.452967276967073, 25.690273148505497 ], [ -100.453014625318744, 25.690188224412992 ], [ -100.453108587574903, 25.690019641294462 ], [ -100.453110955764785, 25.690015313377504 ], [ -100.453125036271473, 25.689990039209206 ], [ -100.453198985409557, 25.6898660608128 ], [ -100.45336589922627, 25.689985128284253 ], [ -100.45370004198945, 25.690218777457648 ], [ -100.453927629139727, 25.690373609385926 ], [ -100.45404667163973, 25.690454597451261 ], [ -100.454386714882304, 25.690685929587858 ], [ -100.454731448991268, 25.690919490419905 ], [ -100.455059227356571, 25.691144099248461 ], [ -100.455397085135445, 25.691373376131782 ], [ -100.45574101276064, 25.691610293009031 ], [ -100.45608260872072, 25.691842863759639 ], [ -100.456446777966448, 25.692031451061947 ], [ -100.456627498401417, 25.692104256477485 ], [ -100.456816200368721, 25.692180277868715 ], [ -100.457255417617333, 25.692333433136184 ], [ -100.457255580761412, 25.692333490381099 ], [ -100.45733006946999, 25.692134662440306 ], [ -100.457383613892418, 25.691992880852073 ], [ -100.457430440723627, 25.691868239662579 ], [ -100.457317107361391, 25.691798944660768 ], [ -100.457269423132118, 25.691769829413406 ], [ -100.457258953562544, 25.691763444378694 ], [ -100.457236483712038, 25.691749737965061 ], [ -100.457151973674272, 25.691698141184546 ], [ -100.457140688223603, 25.69169126117761 ], [ -100.457127387656911, 25.691683152079293 ], [ -100.45711311235543, 25.691674407232437 ], [ -100.457066722179519, 25.691646092533674 ], [ -100.457003310217715, 25.691607261495626 ], [ -100.456987822818817, 25.691598033658746 ], [ -100.456947588138121, 25.691573327488594 ], [ -100.456922174885904, 25.691557780873893 ], [ -100.456920882152119, 25.69155698345158 ], [ -100.456849982128659, 25.691513712491965 ], [ -100.456819784690353, 25.691495251157288 ], [ -100.456789669058139, 25.691476861254774 ], [ -100.456718495316551, 25.691433419012291 ], [ -100.456663083557473, 25.69139958508978 ], [ -100.456607362264435, 25.691365651472658 ], [ -100.456579967591139, 25.691348966884483 ], [ -100.45654748525439, 25.691329185956359 ], [ -100.456615911558316, 25.691156965199724 ], [ -100.456654974516098, 25.691054018626961 ], [ -100.456709375639363, 25.690921928663517 ], [ -100.45673152134944, 25.690866240547223 ], [ -100.456751522267581, 25.690815949162403 ], [ -100.45676313525, 25.690786740758547 ], [ -100.456800691285366, 25.690676772005403 ], [ -100.456800895125255, 25.690676241697638 ], [ -100.456830402909759, 25.690599642469241 ], [ -100.456849542784695, 25.690549957524961 ], [ -100.456900033485184, 25.690418878001992 ], [ -100.456900500816175, 25.690417622501982 ], [ -100.456914622410508, 25.690379671742853 ], [ -100.456922051387821, 25.690352263890247 ], [ -100.456932512820572, 25.690308137821322 ], [ -100.456952003948828, 25.690225869399598 ], [ -100.45696022739854, 25.690193994610944 ], [ -100.456975835394914, 25.690133393069697 ], [ -100.456991669638768, 25.690071919518527 ], [ -100.45700768496927, 25.690009746217207 ], [ -100.457022792073275, 25.689951092023286 ], [ -100.457039993534025, 25.689884309246576 ], [ -100.457055630861348, 25.689823599822894 ], [ -100.457059153404501, 25.689809925375229 ], [ -100.457063036956129, 25.689794899077437 ], [ -100.457070155273072, 25.689767452038236 ], [ -100.457080613715746, 25.689728475967357 ], [ -100.457087693198986, 25.689702109943749 ], [ -100.457098558559721, 25.689661623670155 ], [ -100.457105278532325, 25.689636587536462 ], [ -100.457110013876928, 25.689618940806891 ], [ -100.457121523911979, 25.689576046515615 ], [ -100.457132702880571, 25.68953439244676 ], [ -100.457139131191255, 25.689510437177962 ], [ -100.457154307048242, 25.689453898581583 ], [ -100.457168025455431, 25.689402781970013 ], [ -100.457170716168974, 25.689393807653222 ], [ -100.457190767903256, 25.689326950886073 ], [ -100.457208345087807, 25.689268338897019 ], [ -100.457227057598757, 25.689205942193556 ], [ -100.457248478991332, 25.68913451318339 ], [ -100.457268002678632, 25.689069413488891 ], [ -100.457284695313007, 25.689013745528637 ], [ -100.457303001826077, 25.688952698439987 ], [ -100.457311821065318, 25.688923293650891 ], [ -100.457323282998246, 25.6888878143602 ], [ -100.457341987033672, 25.688829923290026 ], [ -100.457362196146946, 25.688767372455672 ], [ -100.457385022640736, 25.688696717779077 ], [ -100.457422326907363, 25.688581250303645 ], [ -100.457447708648814, 25.688502681334555 ], [ -100.457456711330721, 25.688474812953867 ], [ -100.457463076111893, 25.688455110705359 ], [ -100.45746409679586, 25.688451952820248 ], [ -100.457298272299653, 25.688424322640625 ], [ -100.457316165813097, 25.688352693369598 ], [ -100.457380989868696, 25.688143883585404 ], [ -100.457426112692502, 25.688162721818959 ], [ -100.457494814610186, 25.688191624895772 ], [ -100.457568480223884, 25.688222617644424 ], [ -100.457633557417381, 25.688249994008508 ], [ -100.457639892607475, 25.688252659827064 ], [ -100.457645999188827, 25.688255227842244 ], [ -100.457701999979278, 25.688278788783574 ], [ -100.457712196822612, 25.688283077354345 ], [ -100.457722492642802, 25.688260075721828 ], [ -100.457764760685251, 25.688165617695976 ], [ -100.457791273437962, 25.688106369859458 ], [ -100.457983945196915, 25.687684760241556 ], [ -100.45806483781017, 25.68770406655559 ], [ -100.458080281727646, 25.687657320427661 ], [ -100.458439369698624, 25.687782325892464 ], [ -100.458463278575948, 25.687725286648853 ], [ -100.458503829591521, 25.687630076473464 ], [ -100.458634779480107, 25.687683816836277 ], [ -100.458708631761681, 25.687710886588707 ], [ -100.458773294020659, 25.687734220261827 ], [ -100.458829937548416, 25.687754638434146 ], [ -100.458916999030691, 25.687786071878595 ], [ -100.459030094159687, 25.687826660588382 ], [ -100.459135375051289, 25.687864437148061 ], [ -100.459208047913521, 25.687890584463727 ], [ -100.459376582446524, 25.687951392061596 ], [ -100.459478476188607, 25.687964281447137 ], [ -100.459557685926242, 25.687974300402608 ], [ -100.459646407616162, 25.687985528471142 ], [ -100.459704392095304, 25.687982576003705 ], [ -100.459772540578598, 25.687980294652597 ], [ -100.45987600644095, 25.687976002685591 ], [ -100.459915679767022, 25.688023519280129 ], [ -100.459879586493656, 25.68814411018322 ], [ -100.459840546672027, 25.68825887998112 ], [ -100.459831452811088, 25.688285617928848 ], [ -100.459775218817853, 25.688423688140748 ], [ -100.45975055358133, 25.688482020234062 ], [ -100.459723089397173, 25.688546974361905 ], [ -100.459699954802701, 25.68860168796428 ], [ -100.459677235337679, 25.688655423291262 ], [ -100.45965158806473, 25.688716161419297 ], [ -100.459627152067625, 25.688774312967904 ], [ -100.459602226838754, 25.688833812299166 ], [ -100.459574506730704, 25.688900074922074 ], [ -100.459552984520769, 25.688951533694496 ], [ -100.4595286713067, 25.68900963743431 ], [ -100.459526813345164, 25.689014078627185 ], [ -100.45950310000481, 25.689070707690792 ], [ -100.459478715212342, 25.689130163593106 ], [ -100.45944314521229, 25.689217270572883 ], [ -100.45941149319853, 25.689319878182708 ], [ -100.459409011847342, 25.689318875908587 ], [ -100.459327947042027, 25.689597519765684 ], [ -100.459261748954916, 25.689824950746505 ], [ -100.459423475060788, 25.689869636161308 ], [ -100.459425790796971, 25.689860297323509 ], [ -100.459433342450041, 25.689829870511598 ], [ -100.459440308162357, 25.689801821698687 ], [ -100.459447733211491, 25.689771912649181 ], [ -100.459455697177233, 25.689739839091654 ], [ -100.45947115265632, 25.689677591949906 ], [ -100.459476310849311, 25.689656816255532 ], [ -100.459486267527964, 25.689616721613277 ], [ -100.45950166592759, 25.689554688596044 ], [ -100.45951699280586, 25.689492943711059 ], [ -100.459532005715445, 25.689432483305307 ], [ -100.459546388546229, 25.68937456030266 ], [ -100.459546632122709, 25.689374189627301 ], [ -100.459546732448075, 25.68937423037114 ], [ -100.45955397575041, 25.68937772839465 ], [ -100.459666032738198, 25.689448678710399 ], [ -100.459670739677833, 25.689446516374151 ], [ -100.459747091653213, 25.689490955478522 ], [ -100.459942525371886, 25.68960380530326 ], [ -100.460011942844872, 25.689645108728307 ], [ -100.459968799300356, 25.689758052754623 ], [ -100.460066334224891, 25.689813389367529 ], [ -100.460422204189683, 25.690014375122718 ], [ -100.460744650480393, 25.690193352688325 ], [ -100.460666597093478, 25.690481897648919 ], [ -100.460776365466813, 25.690545913596285 ], [ -100.460788889187853, 25.690501914364479 ], [ -100.460803130253566, 25.690505859258156 ], [ -100.46098905946738, 25.690557206499115 ], [ -100.460994639499646, 25.690544153099165 ], [ -100.461012354530425, 25.690482602534779 ], [ -100.461022344741181, 25.690446600901399 ], [ -100.461034922515054, 25.690403069970252 ], [ -100.461046895788826, 25.690360587720154 ], [ -100.461063380284472, 25.690300873002837 ], [ -100.461081296523304, 25.690234614147016 ], [ -100.461097739290878, 25.690175306618023 ], [ -100.461111680465891, 25.690125007432265 ], [ -100.461113427644435, 25.690118704199307 ], [ -100.461127949259051, 25.690066015822428 ], [ -100.461130871101972, 25.690067098219089 ], [ -100.461151261524066, 25.689998885601405 ], [ -100.461167427417919, 25.68994463072378 ], [ -100.461186822908815, 25.689879310277487 ], [ -100.46120401498851, 25.689821825712503 ], [ -100.461222927887391, 25.689758348608308 ], [ -100.461241561906462, 25.689695738690762 ], [ -100.461260505772785, 25.689631994727701 ], [ -100.461278036240515, 25.68957300812302 ], [ -100.461296779198051, 25.689509938951371 ], [ -100.461315752205991, 25.68944587676361 ], [ -100.461362613657272, 25.689289587077383 ], [ -100.461395709436601, 25.689156200208799 ], [ -100.461438151814136, 25.688992373263076 ], [ -100.461472941687305, 25.689024458975556 ], [ -100.461523116201562, 25.689069451695939 ], [ -100.461555742067375, 25.689099043497283 ], [ -100.461558577508768, 25.689101614688397 ], [ -100.461594670512525, 25.68913447302576 ], [ -100.461602883611334, 25.689141779549804 ], [ -100.461605726197249, 25.68914430677955 ], [ -100.461643946843211, 25.689179141789936 ], [ -100.461652286900616, 25.689186444362395 ], [ -100.461657117225386, 25.689189990013389 ], [ -100.461699703854165, 25.689222073527681 ], [ -100.461702765835398, 25.689224378577396 ], [ -100.461740791531042, 25.689252917476026 ], [ -100.46175089483512, 25.689260606467329 ], [ -100.461753872478553, 25.68926287382472 ], [ -100.461806798780358, 25.68930240682025 ], [ -100.461809967246239, 25.689304772886747 ], [ -100.461843158795062, 25.68932969175269 ], [ -100.461857756282399, 25.689340679797752 ], [ -100.461860679378844, 25.689342881866427 ], [ -100.461865434738684, 25.689346430937611 ], [ -100.4618957270648, 25.68936882741599 ], [ -100.461911156624808, 25.689380231551088 ], [ -100.46191936648475, 25.689386302244944 ], [ -100.461963298967973, 25.689418780565184 ], [ -100.461968654168828, 25.689422738957234 ], [ -100.46199387803307, 25.689441968426877 ], [ -100.462019741715579, 25.689461688170088 ], [ -100.462025083734332, 25.689465679341012 ], [ -100.462074385577807, 25.689502012573875 ], [ -100.462076411604315, 25.689503505354228 ], [ -100.462083015987702, 25.689508369670971 ], [ -100.462110418384015, 25.689528565310848 ], [ -100.462136925252224, 25.689541260663589 ], [ -100.462187162273921, 25.689578854042594 ], [ -100.462223144014374, 25.689606009929399 ], [ -100.462111187674722, 25.690135268316684 ], [ -100.461992703356898, 25.690712677543207 ], [ -100.461973457071267, 25.69080625023798 ], [ -100.461958929209587, 25.69086957695345 ], [ -100.461925204829129, 25.69101764190675 ], [ -100.461904757958081, 25.691142161777059 ], [ -100.461896214083296, 25.69117874841815 ], [ -100.461882245196747, 25.691239724150162 ], [ -100.461868234216482, 25.691300349727964 ], [ -100.461852379960661, 25.691369131399242 ], [ -100.461839845967461, 25.691413666039178 ], [ -100.461836672563692, 25.691434751071128 ], [ -100.461835194656075, 25.691440028789788 ], [ -100.461820778512148, 25.6914942287221 ], [ -100.461803606436035, 25.691557600660857 ], [ -100.46178741336216, 25.691617893247688 ], [ -100.461770915845818, 25.691678894315899 ], [ -100.461754422871309, 25.691740462144004 ], [ -100.461736692449733, 25.691805813060132 ], [ -100.461719528713445, 25.691869536015876 ], [ -100.461704861051274, 25.691924237826676 ], [ -100.461687003001714, 25.691989831939701 ], [ -100.461666137519998, 25.69205822546791 ], [ -100.461668520503267, 25.692058905943775 ], [ -100.461652802310837, 25.692117317244719 ], [ -100.461636498168204, 25.692178248921376 ], [ -100.461619814051446, 25.692239992600051 ], [ -100.461602534667222, 25.692303687264197 ], [ -100.461586825120463, 25.692362666349307 ], [ -100.461570256233529, 25.692424126802134 ], [ -100.461553462536756, 25.69248657700323 ], [ -100.461536698923851, 25.692548250819407 ], [ -100.46152014718146, 25.692601635564749 ], [ -100.461520075907643, 25.692608619942803 ], [ -100.461498130940768, 25.692669605462701 ], [ -100.461476712078948, 25.692729316144529 ], [ -100.46145589592372, 25.692787397434589 ], [ -100.461433761857492, 25.692849301687446 ], [ -100.46141196526932, 25.692909722112645 ], [ -100.461390775970727, 25.692969082048371 ], [ -100.461370145266429, 25.69302634417452 ], [ -100.461347219225757, 25.693090302531214 ], [ -100.461312123218036, 25.693187804124605 ], [ -100.461311343374348, 25.693189974263255 ], [ -100.461146504203455, 25.693634488154061 ], [ -100.461146487590625, 25.693634530603582 ], [ -100.461148963294463, 25.693635351993382 ], [ -100.461428247724356, 25.693727870533653 ], [ -100.461503662070953, 25.693752855459426 ], [ -100.461837508237792, 25.693893326605991 ], [ -100.462146323708311, 25.694022909304518 ], [ -100.462618938169953, 25.694223242920792 ], [ -100.462845010901844, 25.694319070746761 ], [ -100.462960675676584, 25.6939917823487 ], [ -100.462968607420777, 25.693966460867703 ], [ -100.463010362582366, 25.693833183816519 ], [ -100.463018165311254, 25.693808279499855 ], [ -100.463021962490018, 25.693796147917983 ], [ -100.463054976818697, 25.693690776510284 ], [ -100.463062786251982, 25.693665842151329 ], [ -100.463071107462696, 25.693639281985682 ], [ -100.463101219159881, 25.693543163281557 ], [ -100.463102878137164, 25.693537913708511 ], [ -100.463112537561727, 25.693507313590725 ], [ -100.463120143840797, 25.69348320712464 ], [ -100.463126503697481, 25.693463064220126 ], [ -100.463150828741291, 25.693385999357478 ], [ -100.46316083165641, 25.693354312487994 ], [ -100.46320586748719, 25.693211627406914 ], [ -100.463248274220874, 25.693077279185211 ], [ -100.463344552635036, 25.693121586962025 ], [ -100.46336504833755, 25.693076505599532 ], [ -100.463388216546235, 25.693025537199759 ], [ -100.463398334128158, 25.693003286311438 ], [ -100.46340577431009, 25.692973814228679 ], [ -100.46341931217323, 25.692920203169411 ], [ -100.463432891114607, 25.692866425775883 ], [ -100.463445785368606, 25.6928153517329 ], [ -100.463451734792955, 25.692791794430825 ], [ -100.463459578124798, 25.692761332408896 ], [ -100.463472824010182, 25.692709886062385 ], [ -100.463486042823106, 25.692658545426404 ], [ -100.463500058025261, 25.692604121374526 ], [ -100.463513400214879, 25.692552292440141 ], [ -100.463527303155544, 25.692498303047383 ], [ -100.463540131131097, 25.692448481560678 ], [ -100.463562116475686, 25.692363103934621 ], [ -100.463562823614765, 25.692354603833579 ], [ -100.463565160299325, 25.692326562781698 ], [ -100.463572371849139, 25.692240029075425 ], [ -100.463575172945397, 25.692210982485065 ], [ -100.463592834434479, 25.692134901813212 ], [ -100.463604981875164, 25.692082569971699 ], [ -100.463608149636471, 25.692068924108959 ], [ -100.463617646681172, 25.692028007992125 ], [ -100.463629897947484, 25.691975231402139 ], [ -100.463642223415434, 25.691921567192921 ], [ -100.463654465145424, 25.691867239069445 ], [ -100.463666011803213, 25.691815971934545 ], [ -100.463677991607696, 25.69176278540403 ], [ -100.463689710335856, 25.691710760797662 ], [ -100.463701906915901, 25.691656608143049 ], [ -100.463713749391758, 25.691604028866514 ], [ -100.463725863111264, 25.691550251166205 ], [ -100.463737730287292, 25.691497567805463 ], [ -100.463750126346241, 25.69144253376427 ], [ -100.463761894279671, 25.691390286538407 ], [ -100.463773890566316, 25.691337632922036 ], [ -100.463786846106856, 25.691285313292791 ], [ -100.463820941604155, 25.691147640004974 ], [ -100.463838916165216, 25.691075060301458 ], [ -100.463854345574987, 25.691012983775572 ], [ -100.463888810926619, 25.690877888166469 ], [ -100.463980809274702, 25.690529929489802 ], [ -100.464420188293758, 25.690952290428644 ], [ -100.464866958481338, 25.691324104717712 ], [ -100.465093436141316, 25.691378041397289 ], [ -100.466286839631749, 25.692271590155226 ], [ -100.466748375293875, 25.692684516924512 ], [ -100.466943772515492, 25.692876648077018 ], [ -100.467820874686439, 25.693739085547293 ], [ -100.468019834768555, 25.693487249151772 ], [ -100.468081869251094, 25.693274909983639 ], [ -100.468087282875672, 25.693256386381435 ], [ -100.468042307062703, 25.693244379071885 ], [ -100.468339192888095, 25.692134675659915 ], [ -100.468966084099804, 25.692723854206072 ], [ -100.469060273693657, 25.692811731722482 ], [ -100.46972433504277, 25.693414732902049 ], [ -100.469374574147466, 25.693545306209604 ], [ -100.469008596131772, 25.69363112471299 ], [ -100.468624945687182, 25.693636834565119 ], [ -100.468237275933589, 25.693586966772408 ], [ -100.468073752891016, 25.693841536022571 ], [ -100.468257487060939, 25.693849902561475 ], [ -100.468384359024341, 25.69386613394397 ], [ -100.468532656951908, 25.693878257265165 ], [ -100.468794633422036, 25.693881454303099 ], [ -100.468946983201775, 25.693874084080605 ], [ -100.46911001791365, 25.693862715483416 ], [ -100.469177441033111, 25.693843925705636 ], [ -100.469232403103049, 25.693829922745888 ], [ -100.469290374496595, 25.693897899130238 ], [ -100.469339536515164, 25.694116369577607 ], [ -100.469341500363285, 25.694276365115996 ], [ -100.469250954834422, 25.694683215858177 ], [ -100.469350353489389, 25.695427704603286 ], [ -100.469465025802549, 25.696010025422297 ], [ -100.470072569441612, 25.697039791801185 ], [ -100.471013392340978, 25.698714674474573 ], [ -100.471691591823074, 25.69944053008787 ], [ -100.472530599986612, 25.70039215177264 ], [ -100.472616011994106, 25.70053445841485 ], [ -100.472524084231765, 25.700644761518713 ], [ -100.47231374870158, 25.700899651835257 ], [ -100.472277504039269, 25.700975814488913 ], [ -100.472485816049286, 25.701285319538666 ], [ -100.472884373773056, 25.701946616306472 ], [ -100.473111384795459, 25.702264355322022 ], [ -100.473286540889717, 25.702475766485076 ], [ -100.47322742743998, 25.702642821897125 ], [ -100.473097281818681, 25.702787128063481 ], [ -100.471399433449619, 25.701512658651865 ], [ -100.470741077898779, 25.701017909885678 ], [ -100.469390801574761, 25.700048752137011 ], [ -100.469171557992894, 25.69987121309811 ], [ -100.469041843407496, 25.699753880442429 ], [ -100.46891773543868, 25.69963167130372 ], [ -100.468799457200845, 25.699504805398366 ], [ -100.468687221325226, 25.699373510814407 ], [ -100.468581229577637, 25.699238023601435 ], [ -100.468481672495869, 25.699098587346111 ], [ -100.468388729047135, 25.698955452734154 ], [ -100.468302566306505, 25.698808877099573 ], [ -100.468223339156566, 25.698659123961946 ] ], [ [ -100.467793441949667, 25.697530381975984 ], [ -100.467844597590201, 25.697458834293236 ], [ -100.467865836936809, 25.69746768508454 ], [ -100.467936671559698, 25.697478190324915 ], [ -100.46812102268855, 25.697505527654013 ], [ -100.468105197053831, 25.697499485321991 ], [ -100.468090667052678, 25.697491190551517 ], [ -100.468077821142288, 25.697480863691965 ], [ -100.468067000611413, 25.697468780696124 ], [ -100.468058495321017, 25.697455262993781 ], [ -100.46805253063738, 25.697440671735567 ], [ -100.468049266690514, 25.697425395490352 ], [ -100.46804878999987, 25.69740984176569 ], [ -100.468051113323583, 25.697394424699159 ], [ -100.468114310667062, 25.697289860076872 ], [ -100.46813067055642, 25.697262788400309 ], [ -100.468315342135938, 25.696957227987184 ], [ -100.468481826966382, 25.696681761168882 ], [ -100.468578727915116, 25.696521430918413 ], [ -100.468676449545143, 25.696359737147016 ], [ -100.468772357019589, 25.696201048158297 ], [ -100.468879532846216, 25.69602371013951 ], [ -100.468926185127302, 25.695946520681932 ], [ -100.468927682895938, 25.695944038730531 ], [ -100.469018172001768, 25.695817012563815 ], [ -100.469228931510287, 25.695483223703043 ], [ -100.469148942983466, 25.695423444054356 ], [ -100.469120836003597, 25.6953479240645 ], [ -100.468739251076713, 25.69541751331942 ], [ -100.466833309547127, 25.695759977855829 ], [ -100.466476239272723, 25.695862961211596 ], [ -100.466578254740242, 25.69592949483167 ], [ -100.46672014047617, 25.696041614623841 ], [ -100.466714742795077, 25.696055053356876 ], [ -100.466702559990409, 25.696085369700242 ], [ -100.466705584276625, 25.696099038966427 ], [ -100.466879387554812, 25.69624324716909 ], [ -100.467146914571458, 25.696449300746675 ], [ -100.467199347704451, 25.696489685948944 ], [ -100.467283800525891, 25.696586836290336 ], [ -100.46736042058464, 25.69670815064072 ], [ -100.467509825482651, 25.69694470550164 ], [ -100.467637493577286, 25.697188248534136 ], [ -100.467748410229618, 25.697468952834942 ], [ -100.467775592468001, 25.697506035936108 ], [ -100.467793441949667, 25.697530381975984 ] ], [ [ -100.463649273903059, 25.694659437029131 ], [ -100.463826674822528, 25.694296217725139 ], [ -100.46411412485908, 25.694392270905055 ], [ -100.464977580794496, 25.691415573515993 ], [ -100.464853380550196, 25.691386783599025 ], [ -100.464866676107306, 25.69132540708835 ], [ -100.464688378914815, 25.691281572427521 ], [ -100.464376721605433, 25.691207150376496 ], [ -100.464356386429458, 25.691271579831611 ], [ -100.464320969694086, 25.691396421009848 ], [ -100.464312816778545, 25.691425889051317 ], [ -100.464310235563971, 25.691435226337028 ], [ -100.46429543924701, 25.691488725933507 ], [ -100.464280938600922, 25.691541141398517 ], [ -100.464275596770875, 25.69156045897374 ], [ -100.46427134106429, 25.691574979096131 ], [ -100.464267768605666, 25.691587164114743 ], [ -100.464265740898938, 25.691594087849747 ], [ -100.464256479901451, 25.691625690800365 ], [ -100.464250766349039, 25.691645188732476 ], [ -100.464235809462394, 25.691696237519274 ], [ -100.464220633569823, 25.691748023907302 ], [ -100.464212418265305, 25.691776065115963 ], [ -100.464205107270871, 25.691801009512208 ], [ -100.464190366934787, 25.69185131697003 ], [ -100.464189453399285, 25.69185443260751 ], [ -100.464174575698792, 25.691905197992792 ], [ -100.464159646529097, 25.691956151223316 ], [ -100.464143774287834, 25.692010317797745 ], [ -100.464128200262977, 25.692063463372158 ], [ -100.464122678934999, 25.692082307996738 ], [ -100.46411353025384, 25.692113536757052 ], [ -100.464105628885875, 25.69214049257647 ], [ -100.464098673777471, 25.692165076397327 ], [ -100.464083949012817, 25.692217098560235 ], [ -100.464069672732379, 25.692267538366007 ], [ -100.464054685404577, 25.692320505163991 ], [ -100.464040149285452, 25.69237187084455 ], [ -100.464021301631377, 25.692438462095435 ], [ -100.464014098994923, 25.692463916537854 ], [ -100.463991503385444, 25.692543757523108 ], [ -100.463983824948698, 25.692570881300831 ], [ -100.463970169932864, 25.692619139692535 ], [ -100.463954758239282, 25.692673591717814 ], [ -100.463940310386974, 25.692724646070427 ], [ -100.463925390257444, 25.692777368117167 ], [ -100.463910637643949, 25.692829491166002 ], [ -100.463895502797243, 25.692882964684959 ], [ -100.463880445669858, 25.692936176766061 ], [ -100.463877725334044, 25.692945784125719 ], [ -100.463866106673734, 25.692986331370648 ], [ -100.463850451967417, 25.693040965126482 ], [ -100.463835980269792, 25.693091476987213 ], [ -100.463820264326642, 25.693146322234661 ], [ -100.463805569858238, 25.69319760331091 ], [ -100.463790614187602, 25.693249794754919 ], [ -100.463772158516093, 25.693314211689906 ], [ -100.46376463935762, 25.693340455548292 ], [ -100.463741795600242, 25.693420172673992 ], [ -100.463734539314558, 25.693445499722319 ], [ -100.463719924067391, 25.693496501676528 ], [ -100.463704457896768, 25.693550476800006 ], [ -100.4636891068387, 25.693604060049861 ], [ -100.46367395791458, 25.693656928345224 ], [ -100.463658952839737, 25.693709291010208 ], [ -100.463644261093606, 25.693760563480158 ], [ -100.46362932565296, 25.693812197532864 ], [ -100.463614225000256, 25.693864234663589 ], [ -100.463598534219472, 25.69391830248448 ], [ -100.463583767381905, 25.693969186591413 ], [ -100.463568598680467, 25.694021458830669 ], [ -100.463555085140754, 25.694068026585292 ], [ -100.463516922097014, 25.694199512705335 ], [ -100.463412521204248, 25.694558910796534 ], [ -100.463649273903059, 25.694659437029131 ] ], [ [ -100.459238772751291, 25.690584998411296 ], [ -100.459245550965449, 25.690558522381121 ], [ -100.45925376974489, 25.690526410424248 ], [ -100.459259654035776, 25.690503409482208 ], [ -100.459269805838048, 25.690463756071612 ], [ -100.459276249551735, 25.690438576500814 ], [ -100.459286301990801, 25.690399301419923 ], [ -100.459302919964642, 25.690334374545753 ], [ -100.459318915312053, 25.690271870459778 ], [ -100.459323173609803, 25.690255238420821 ], [ -100.459334250927469, 25.690213591114876 ], [ -100.45935065106282, 25.690151925960908 ], [ -100.459366933712502, 25.690090703544897 ], [ -100.459385230992126, 25.690021900319568 ], [ -100.459399790360948, 25.689967158572291 ], [ -100.459223709702087, 25.689928313745423 ], [ -100.459202642220276, 25.689994571825032 ], [ -100.45917693010702, 25.690075428185388 ], [ -100.459154752105107, 25.690145180641533 ], [ -100.459154091527907, 25.690147251094658 ], [ -100.459127870317417, 25.69023262773419 ], [ -100.459101888772437, 25.690317218395897 ], [ -100.459090592747145, 25.690354013881304 ], [ -100.459078945455545, 25.690392910978723 ], [ -100.459054929876501, 25.690473103253165 ], [ -100.45903522604516, 25.690538915201969 ], [ -100.459031316401393, 25.690551636037114 ], [ -100.459027742828994, 25.690563238627483 ], [ -100.459007829186504, 25.690627977396481 ], [ -100.459005364896996, 25.690635987669992 ], [ -100.458983864903814, 25.690705890676131 ], [ -100.458970371275612, 25.690749755501184 ], [ -100.45895902950646, 25.690786632789536 ], [ -100.45894205447469, 25.690841813466399 ], [ -100.458936155433761, 25.690861089349667 ], [ -100.458921006121997, 25.690910586358637 ], [ -100.458920597858835, 25.690911452161888 ], [ -100.458907213882014, 25.690940323044796 ], [ -100.458880823159731, 25.691020346906001 ], [ -100.45885417888239, 25.691101137606502 ], [ -100.458853289767319, 25.691103844591144 ], [ -100.458825455791128, 25.691199181336284 ], [ -100.458804512581466, 25.691270921006851 ], [ -100.458781511676492, 25.69134972059215 ], [ -100.458773638906919, 25.691376695680997 ], [ -100.458755558426006, 25.691438173126922 ], [ -100.458733474956048, 25.691507382925895 ], [ -100.458730284697083, 25.691517385086623 ], [ -100.458702041904672, 25.691605896910087 ], [ -100.458692143777313, 25.691636915036273 ], [ -100.458682960340354, 25.69166569731884 ], [ -100.458674778560891, 25.69169233080601 ], [ -100.458647926530588, 25.691779751827475 ], [ -100.458622110383118, 25.691863811413402 ], [ -100.458607117901636, 25.69191262440614 ], [ -100.458593779429449, 25.691955863034362 ], [ -100.458568851443303, 25.692036026893909 ], [ -100.458542971871282, 25.692119252678879 ], [ -100.458527707402425, 25.692168340280766 ], [ -100.458512233901743, 25.692218793200436 ], [ -100.458497332679357, 25.69226758814256 ], [ -100.45848335176602, 25.692300574449661 ], [ -100.458473754582769, 25.692339042082839 ], [ -100.45845813170321, 25.692384316008248 ], [ -100.458440746836345, 25.692433043725163 ], [ -100.458409487842474, 25.692520667208246 ], [ -100.458342162336137, 25.692709385245507 ], [ -100.458728834585486, 25.692836935801484 ], [ -100.459138980330593, 25.692972228549031 ], [ -100.459393664259039, 25.693057194151475 ], [ -100.459781108960613, 25.693185519819508 ], [ -100.459781338580456, 25.69318482761085 ], [ -100.459850518376072, 25.692976419691337 ], [ -100.459870074501723, 25.692912601790312 ], [ -100.459875523049945, 25.692895093965117 ], [ -100.459814572749735, 25.692879992489129 ], [ -100.459855430386455, 25.6927446394164 ], [ -100.459897530171105, 25.69260516494516 ], [ -100.459980598505538, 25.692329966938647 ], [ -100.460065492941425, 25.692048711081306 ], [ -100.460122171559206, 25.691860934965359 ], [ -100.460131394473876, 25.691830380065596 ], [ -100.460106485921088, 25.691815663926249 ], [ -100.460048871388238, 25.691781628589787 ], [ -100.459990382812705, 25.691747075314581 ], [ -100.459936712573054, 25.691715367760317 ], [ -100.459880104867864, 25.691681926547414 ], [ -100.459825257822146, 25.69164952743975 ], [ -100.459793981662315, 25.691631049704831 ], [ -100.459766776219254, 25.69161495419662 ], [ -100.459711369372101, 25.69158217849386 ], [ -100.459649781064911, 25.69154574693972 ], [ -100.459590200302983, 25.691510500065615 ], [ -100.459531494847127, 25.691475772676483 ], [ -100.459472620423611, 25.691440943654225 ], [ -100.459467500436929, 25.691437916257218 ], [ -100.459411682590826, 25.691404896201242 ], [ -100.459435650832106, 25.691311620678356 ], [ -100.459448479447417, 25.691261670494917 ], [ -100.459259379368348, 25.691151100497876 ], [ -100.459277587166824, 25.691072953083001 ], [ -100.45918490399491, 25.691030539240497 ], [ -100.459130920927038, 25.691005836366354 ], [ -100.459144104907253, 25.690954403810885 ], [ -100.459160024910545, 25.690892297100447 ], [ -100.45916627741731, 25.690867904628639 ], [ -100.459175499940102, 25.690831922560289 ], [ -100.45919034016201, 25.690774037833584 ], [ -100.459207579616333, 25.690706781321769 ], [ -100.45922344370922, 25.690644890326176 ], [ -100.459224734968373, 25.690639847322224 ], [ -100.459238772751291, 25.690584998411296 ] ] ] ] } },
{ "type": "Feature", "properties": { "F_ING": "2016-09-01", "CODIGO_MS": "37", "NOM_MS": "Raúl Salinas", "TIP_INFO": "PLANO DE SECTORIZACION", "CONS_ZP": "ESCOBEDO", "ESTADO_MS": "EN OPERACION 0111", "ID_MEDIDOR": null, "Q_MEDIO": 55.2, "Q_FACTURAD": 0.0, "MARCA_CONT": "OTRO", "MARCA_VAL": "DOROT", "P_MIN": 0.0, "P_MAX": 0.0, "P_ENTRADA": 0.0, "P_SALIDA": 0.0, "LONG_RED": 0.0, "CANT_TOMAS": 9340.0, "CANT_MEDID": 7931.0, "PORCENTAJE": 0.0, "GASTO_MEDI": 62.25, "NUMERO_CIR": 18, "TOMAS_NS": 0.0, "MEDIDORES_": 0.0, "DIAM_VAL": "12\"", "CLORO": 0.0, "PH_H2O": 0.0, "TEMP_AGUA": 0, "RESP_MS": "OTRO", "FECHA_PRUE": null, "REF_DIR_ME": "Abasolo c/c Llano del topo, Col. Paseo Real", "TIP_MODI": "CSN-75", "CONS_M3_US": 0.0, "CREATED_US": "AUXILIARGIS5", "CREATED_DA": "2019-07-17", "LAST_EDITE": "AUX_GIS5", "LAST_EDI_1": "2026-02-10", "Shape_Leng": 23677.088121299999, "Shape_Area": 6925174.8709199997 }, "geometry": { "type": "MultiPolygon", "coordinates": [ [ [ [ -100.324193836982715, 25.797245936309288 ], [ -100.324190580304787, 25.797240772523192 ], [ -100.324194604512599, 25.797242272017996 ], [ -100.324193836982715, 25.797245936309288 ] ] ], [ [ [ -100.322316146421116, 25.810708246720246 ], [ -100.322316264813765, 25.81070777891366 ], [ -100.322317031503459, 25.810708554460369 ], [ -100.322316146421116, 25.810708246720246 ] ] ], [ [ [ -100.324193836982715, 25.797245936309288 ], [ -100.324214557312715, 25.797278790718352 ], [ -100.324239927462969, 25.79732522626712 ], [ -100.324270113842999, 25.797380477257061 ], [ -100.32429568197189, 25.797427272814048 ], [ -100.324302692631179, 25.797440103990649 ], [ -100.32432176190278, 25.797475003587511 ], [ -100.324333646731631, 25.797496756727064 ], [ -100.324349473838353, 25.797525723263718 ], [ -100.324364596085303, 25.797553405216899 ], [ -100.324374778891539, 25.797572037342235 ], [ -100.324395552635167, 25.797610060056165 ], [ -100.324401701476546, 25.797621314763369 ], [ -100.324426504438264, 25.797666710648837 ], [ -100.324427361454326, 25.79766827859217 ], [ -100.324455795286823, 25.797720316925368 ], [ -100.32445745861277, 25.797723359071068 ], [ -100.324488412865293, 25.797780011766619 ], [ -100.324519367148213, 25.797836664453978 ], [ -100.324530887518222, 25.797857750772454 ], [ -100.324625046704952, 25.798033459907586 ], [ -100.324624637243659, 25.798036836190462 ], [ -100.324627232338386, 25.798037531913476 ], [ -100.324697131460525, 25.798186464978638 ], [ -100.324750222264129, 25.798085274658085 ], [ -100.324776494936373, 25.798041342513088 ], [ -100.324779886726176, 25.798028607134061 ], [ -100.324793953286601, 25.797975785583201 ], [ -100.324796723011431, 25.797965385239596 ], [ -100.324807956262973, 25.797923202257248 ], [ -100.324813084838581, 25.797903948947589 ], [ -100.324821907146244, 25.797870827078029 ], [ -100.324829446650284, 25.797842512653894 ], [ -100.324835823831506, 25.797818567821103 ], [ -100.324845808422751, 25.797781074217763 ], [ -100.324850321712532, 25.797764128048552 ], [ -100.324862170203573, 25.797719637920711 ], [ -100.324864093144754, 25.797712420339984 ], [ -100.324877474005802, 25.79766217204396 ], [ -100.324878531968935, 25.797658201621964 ], [ -100.324890997959713, 25.79761139362493 ], [ -100.324894893695046, 25.797596763180781 ], [ -100.32490630168887, 25.797553923463902 ], [ -100.324911255429512, 25.797535326878659 ], [ -100.32492077003009, 25.797499597424601 ], [ -100.324927617148532, 25.797473890574871 ], [ -100.324934523225863, 25.797447956245449 ], [ -100.324943978828301, 25.797412452128629 ], [ -100.324947892732212, 25.797397755147653 ], [ -100.324960340516427, 25.797351015821448 ], [ -100.324961491503529, 25.797346691292255 ], [ -100.324975639645189, 25.797293562822809 ], [ -100.324976699824305, 25.797289579534137 ], [ -100.32498996035838, 25.797239790490455 ], [ -100.324993061481521, 25.797228143223585 ], [ -100.325004555725982, 25.797184983709581 ], [ -100.325009423099516, 25.797166704770625 ], [ -100.325018065939474, 25.797134254646199 ], [ -100.325025784725824, 25.797105268456708 ], [ -100.325032095993407, 25.797081570426801 ], [ -100.325042146336713, 25.797043832141103 ], [ -100.32504628722306, 25.797028280985657 ], [ -100.325058507908338, 25.796982393683066 ], [ -100.325060476195304, 25.796975002268518 ], [ -100.325073984143231, 25.7969242860664 ], [ -100.325074869488333, 25.796920957364112 ], [ -100.325088951743851, 25.796868079976857 ], [ -100.325091231052866, 25.796859521043451 ], [ -100.325102808372861, 25.796815968968343 ], [ -100.325111225670284, 25.796784295922578 ], [ -100.325116671481069, 25.796765292345093 ], [ -100.325131260312133, 25.796714373601088 ], [ -100.325132036683641, 25.796711666770957 ], [ -100.325146509445744, 25.796661158007247 ], [ -100.325153801593302, 25.796635708288967 ], [ -100.325162238871229, 25.796606259519415 ], [ -100.325176340482244, 25.796557042995246 ], [ -100.325177519800661, 25.796552928020606 ], [ -100.325191161213283, 25.796502099261353 ], [ -100.325204373551372, 25.796452882274853 ], [ -100.325219266249363, 25.796397394077502 ], [ -100.325233564004193, 25.796344127198076 ], [ -100.325265486357125, 25.79622519690896 ], [ -100.3252691686464, 25.796206905211331 ], [ -100.325280819146528, 25.796154898324907 ], [ -100.325294140024965, 25.796089237204658 ], [ -100.325313393208901, 25.796021794793663 ], [ -100.325329948953353, 25.79596380362818 ], [ -100.325344453764643, 25.795913001240983 ], [ -100.325359104266738, 25.795861690116073 ], [ -100.325374489885803, 25.79580779242831 ], [ -100.325388591765673, 25.795758402463399 ], [ -100.325403328617469, 25.795706777966426 ], [ -100.325418671078751, 25.7956530433807 ], [ -100.325433469397822, 25.795601206365085 ], [ -100.325447630406742, 25.795551608182155 ], [ -100.325463753537022, 25.795495132465422 ], [ -100.325478205925236, 25.795444516806864 ], [ -100.325493700738704, 25.795390239160913 ], [ -100.32550722433372, 25.795342873384737 ], [ -100.325523675221135, 25.795285251399292 ], [ -100.325542696056871, 25.795218628924786 ], [ -100.32556603836403, 25.795141487572824 ], [ -100.325617229840873, 25.794958915897492 ], [ -100.325638450953164, 25.794877813818864 ], [ -100.327978932184834, 25.796789436204087 ], [ -100.328044561077547, 25.796842397650494 ], [ -100.328114019259814, 25.796891193156636 ], [ -100.328186984678382, 25.796935596472235 ], [ -100.328263119016782, 25.796975401712135 ], [ -100.328342069264153, 25.797010424310976 ], [ -100.328423469352046, 25.797040501879074 ], [ -100.329355087736701, 25.797344346161889 ], [ -100.329322863596829, 25.797238872456358 ], [ -100.329369216872365, 25.797221163107139 ], [ -100.329540473386089, 25.797175656794025 ], [ -100.329627370602296, 25.797149766424315 ], [ -100.329686768068996, 25.797133962513769 ], [ -100.329503611301305, 25.796544631867569 ], [ -100.329172295229398, 25.795563683843689 ], [ -100.328249659641912, 25.792542772464117 ], [ -100.328206975231524, 25.792405865019198 ], [ -100.328287430406363, 25.792409329164066 ], [ -100.328703021113469, 25.792416910898922 ], [ -100.329277791127083, 25.792427395038267 ], [ -100.330869771910329, 25.792444904501156 ], [ -100.331383650056452, 25.79245055301244 ], [ -100.33172678576976, 25.792454323342064 ], [ -100.332998647504326, 25.792468292472947 ], [ -100.333858612300446, 25.792477731095357 ], [ -100.333935756341248, 25.792478577319972 ], [ -100.333932184806926, 25.792522063003936 ], [ -100.333868123004265, 25.793302083110923 ], [ -100.333835588192002, 25.793715606028634 ], [ -100.333824155221734, 25.793879939629228 ], [ -100.33428185943761, 25.793948775391307 ], [ -100.334442792165788, 25.79398084540821 ], [ -100.334579774349805, 25.794080226285306 ], [ -100.334692432883173, 25.794213374818526 ], [ -100.334778533092944, 25.794389811008813 ], [ -100.334978880308284, 25.794800359156778 ], [ -100.335177822594375, 25.795208023147389 ], [ -100.335376783233016, 25.795615720889533 ], [ -100.335575733223806, 25.796023396984598 ], [ -100.335750534220196, 25.796381583674513 ], [ -100.335822215734638, 25.796500797102745 ], [ -100.335900221314091, 25.796616711218476 ], [ -100.33598436610869, 25.796729051314102 ], [ -100.336074450717405, 25.796837551151494 ], [ -100.33617026166047, 25.796941953593045 ], [ -100.336271571885305, 25.797042011211126 ], [ -100.336378141304522, 25.797137486874593 ], [ -100.336489717364856, 25.797228154310815 ], [ -100.33660603564573, 25.797313798642037 ], [ -100.336726820485936, 25.797394216894673 ], [ -100.336851785636881, 25.797469218480476 ], [ -100.336980634941128, 25.79753862564823 ], [ -100.33711306303428, 25.797602273905145 ], [ -100.337306463217544, 25.796329599766722 ], [ -100.337982861601958, 25.797790335365033 ], [ -100.338436106351907, 25.798754691871451 ], [ -100.338491819308175, 25.798878016188098 ], [ -100.339721139124961, 25.801316026066871 ], [ -100.340977785326857, 25.803948779897382 ], [ -100.341454668688357, 25.804966253902784 ], [ -100.341888923996734, 25.80577526209203 ], [ -100.342011688053631, 25.806002835513752 ], [ -100.342547916706494, 25.807229645960703 ], [ -100.342755174809511, 25.807732805059658 ], [ -100.342454438257704, 25.807876905219892 ], [ -100.342399093927156, 25.808302519269336 ], [ -100.342351918637178, 25.808665315142562 ], [ -100.342289226059094, 25.809147436731944 ], [ -100.342254398257339, 25.809415282979831 ], [ -100.342238589372883, 25.809536844415554 ], [ -100.342126660559302, 25.810397598062618 ], [ -100.342108795846244, 25.810532050923861 ], [ -100.342091306453568, 25.81066654420589 ], [ -100.342028689369897, 25.811148066528872 ], [ -100.342011232518558, 25.811285250670167 ], [ -100.341993742945647, 25.811419743935645 ], [ -100.34200795311304, 25.811571025025405 ], [ -100.341999727412116, 25.811632019571025 ], [ -100.341943318532003, 25.811646146109247 ], [ -100.341956869385868, 25.811704708731419 ], [ -100.34195285212833, 25.811732959263484 ], [ -100.341884434326758, 25.812260341746665 ], [ -100.341868808810162, 25.812335258687284 ], [ -100.340967249482389, 25.812821013246303 ], [ -100.340630258827787, 25.812873776987793 ], [ -100.340290470210519, 25.812899480587738 ], [ -100.339960083792661, 25.81292961412473 ], [ -100.339905266965758, 25.812933797627785 ], [ -100.339407334190057, 25.812977594299841 ], [ -100.338160791887262, 25.813088390652499 ], [ -100.338032198509637, 25.813100859476197 ], [ -100.337974299065905, 25.813108164308588 ], [ -100.337715518775966, 25.813130859617839 ], [ -100.337470169088334, 25.813155689586214 ], [ -100.336929312070467, 25.813208066224743 ], [ -100.336474292265919, 25.813270936565122 ], [ -100.33647726333659, 25.813230280383465 ], [ -100.33640152583223, 25.813230976782364 ], [ -100.336350096794234, 25.813231449644814 ], [ -100.336137868817886, 25.813235657339344 ], [ -100.336138732576359, 25.813220726956285 ], [ -100.335476495575577, 25.813187565321773 ], [ -100.335401331821515, 25.813183740655877 ], [ -100.335383976167222, 25.813276442826954 ], [ -100.335298537237321, 25.813329141624596 ], [ -100.335176693676502, 25.813332519665362 ], [ -100.334899433218368, 25.813319266142894 ], [ -100.334898515709668, 25.813348616339816 ], [ -100.334722887633234, 25.81333668772659 ], [ -100.334611469015741, 25.813329120276492 ], [ -100.334391762060989, 25.813268631314013 ], [ -100.33410778649187, 25.813188867094944 ], [ -100.333707280440692, 25.813076370258493 ], [ -100.333658481357133, 25.813062664183786 ], [ -100.333552784801526, 25.81303297337794 ], [ -100.333443667642641, 25.812995011253069 ], [ -100.333346334932131, 25.812990660974645 ], [ -100.333289409560621, 25.812887044995339 ], [ -100.333242917782087, 25.812846161671484 ], [ -100.333193400659894, 25.812808300363802 ], [ -100.333141097434179, 25.812773643995989 ], [ -100.333086260805246, 25.812742360007238 ], [ -100.333010662347533, 25.81270657491401 ], [ -100.332931767378966, 25.812677192575663 ], [ -100.332850236108584, 25.812654458869392 ], [ -100.33269742232747, 25.812627693694612 ], [ -100.332609320576267, 25.812566587190883 ], [ -100.33235991196122, 25.812467552938905 ], [ -100.332205455006061, 25.812430251669422 ], [ -100.331968501611044, 25.812423099425207 ], [ -100.331546538973598, 25.812343142946812 ], [ -100.331536318467329, 25.812401744616057 ], [ -100.331408710188981, 25.812385980752861 ], [ -100.331411805269482, 25.812368743398604 ], [ -100.331222674545799, 25.81234871719294 ], [ -100.331096109852638, 25.812335315673344 ], [ -100.330988350483764, 25.812323904206171 ], [ -100.330920749861846, 25.812316745126232 ], [ -100.330940143699593, 25.812218595248062 ], [ -100.330718250408168, 25.812199135991452 ], [ -100.330327403741208, 25.812181518301461 ], [ -100.330318815885903, 25.812227944328168 ], [ -100.330179661375212, 25.812243395290704 ], [ -100.330042472324436, 25.812258626885864 ], [ -100.329928538704792, 25.812271279813547 ], [ -100.329806608329235, 25.812284819378768 ], [ -100.329480845468396, 25.812320990677044 ], [ -100.329213006105633, 25.812350733218203 ], [ -100.328886276575403, 25.812387008376753 ], [ -100.328591647188702, 25.812419722291487 ], [ -100.328582491311977, 25.812498828718205 ], [ -100.328334609230367, 25.812466590637122 ], [ -100.328264664614352, 25.812462825889391 ], [ -100.328198426569173, 25.812419625054158 ], [ -100.327910349082941, 25.81236581942737 ], [ -100.327887031394937, 25.812497095465503 ], [ -100.327705467419904, 25.812468780684526 ], [ -100.327615973274007, 25.812454825540584 ], [ -100.327545389749361, 25.812443821279754 ], [ -100.327511219392491, 25.812631739089507 ], [ -100.326804023162396, 25.812621642515989 ], [ -100.326729051400122, 25.812620571285418 ], [ -100.326648440689979, 25.812602515879288 ], [ -100.326156337579548, 25.81249228765942 ], [ -100.326102529635079, 25.812409116346831 ], [ -100.32529682884207, 25.812113874639344 ], [ -100.324061181623989, 25.811050958472567 ], [ -100.323495716841762, 25.810572234066221 ], [ -100.322627958921373, 25.810232440449951 ], [ -100.322316395691317, 25.810707263892365 ], [ -100.322319331886519, 25.810695678131889 ], [ -100.322312121771319, 25.810706747193006 ], [ -100.322236443527174, 25.810821477133889 ], [ -100.322194411367761, 25.810885535944884 ], [ -100.322194699424102, 25.810885702995829 ], [ -100.322514761140425, 25.811074479546033 ], [ -100.322637460171876, 25.811204278593721 ], [ -100.322639101803418, 25.811208121667427 ], [ -100.323223124589489, 25.812076281710553 ], [ -100.323779859832115, 25.812902718345601 ], [ -100.323882079523642, 25.813594081623254 ], [ -100.324122140513836, 25.815235728658116 ], [ -100.324156727081856, 25.815360779541358 ], [ -100.324166522106736, 25.81541075662409 ], [ -100.324215318009678, 25.815514354075244 ], [ -100.324233717759526, 25.815556406136221 ], [ -100.324563303419311, 25.817479207675884 ], [ -100.324810513136924, 25.818879496866408 ], [ -100.324829969644355, 25.818956549186598 ], [ -100.32485179768193, 25.81906321073469 ], [ -100.324953853356192, 25.819720798110737 ], [ -100.325217755864955, 25.820935183237104 ], [ -100.325329672515878, 25.821259615810778 ], [ -100.325946912146492, 25.82524836189992 ], [ -100.3260225213279, 25.825427372428571 ], [ -100.326082460203438, 25.825601211005385 ], [ -100.326278341489939, 25.826488615712591 ], [ -100.32629646865847, 25.82655400038573 ], [ -100.326582569293734, 25.828753330946775 ], [ -100.326745693655241, 25.829707089942669 ], [ -100.332472912566274, 25.828725095962255 ], [ -100.336656344794207, 25.828006049077718 ], [ -100.338703190330264, 25.827654191850215 ], [ -100.339745163720323, 25.831088762770655 ], [ -100.336941147897946, 25.831700901378966 ], [ -100.335809238784648, 25.8319558273596 ], [ -100.336368456720351, 25.834433451897876 ], [ -100.333535558119408, 25.834859823348172 ], [ -100.335725394914334, 25.846711060326104 ], [ -100.329324274696688, 25.846428376358116 ], [ -100.329121604690371, 25.846469834764942 ], [ -100.329117585994126, 25.846468932206875 ], [ -100.328275083259655, 25.846464154541003 ], [ -100.327600965344828, 25.846402296967067 ], [ -100.326943984345533, 25.846447868745155 ], [ -100.326875678213895, 25.846627917256651 ], [ -100.327085596331884, 25.847274323164715 ], [ -100.327150157472744, 25.847420424482721 ], [ -100.327314034667737, 25.847787260712781 ], [ -100.327356195367543, 25.847890977858448 ], [ -100.327533052927805, 25.848392854236437 ], [ -100.327482566563049, 25.848422338486458 ], [ -100.326704372467731, 25.848501790699231 ], [ -100.325286408551776, 25.84850905194212 ], [ -100.324891477174333, 25.84851437833515 ], [ -100.32394877068505, 25.848555876763513 ], [ -100.323041334021354, 25.848595723550613 ], [ -100.321493179793094, 25.848649577236468 ], [ -100.320662671656152, 25.847349849914014 ], [ -100.320662389883026, 25.847349404482515 ], [ -100.320727035881617, 25.847313901344265 ], [ -100.319180571289138, 25.844958401070972 ], [ -100.31904624999494, 25.844512382426576 ], [ -100.319046207618754, 25.844512241508546 ], [ -100.319111812350982, 25.84368484088888 ], [ -100.319111839855736, 25.843684494339787 ], [ -100.318371062322498, 25.838293093961298 ], [ -100.318370981262802, 25.838292504328543 ], [ -100.327757479698136, 25.837335591855052 ], [ -100.327092008554004, 25.834272334599945 ], [ -100.326566093522686, 25.830946667829696 ], [ -100.326565905520411, 25.830944393177823 ], [ -100.3265058588334, 25.830171253893024 ], [ -100.326508787181368, 25.830044536228062 ], [ -100.326466185498347, 25.829752066300923 ], [ -100.326260068998849, 25.828779022963765 ], [ -100.326259978682756, 25.828779038239684 ], [ -100.325746123934053, 25.825714315193675 ], [ -100.325709522321162, 25.825496010526656 ], [ -100.325671924984078, 25.825271762533845 ], [ -100.325671820915687, 25.82527118007302 ], [ -100.325671918331253, 25.825271165268006 ], [ -100.324974010838901, 25.821346063177195 ], [ -100.324894399899748, 25.820956096525077 ], [ -100.324894319605946, 25.820956108497167 ], [ -100.324583450888966, 25.819105812702816 ], [ -100.324550397683652, 25.818920799095121 ], [ -100.323999015012731, 25.815685737736555 ], [ -100.323986141696452, 25.815605149957062 ], [ -100.323538995619018, 25.812826831052078 ], [ -100.323523359511213, 25.812782244497601 ], [ -100.323432153546037, 25.812650003607612 ], [ -100.322768606224159, 25.811848360052217 ], [ -100.322672913870093, 25.811595070991302 ], [ -100.322052568905022, 25.81093960455625 ], [ -100.322052350508343, 25.810939373713104 ], [ -100.322096334303424, 25.810896316077091 ], [ -100.322191051903872, 25.810705447431438 ], [ -100.322522325189667, 25.810191076384136 ], [ -100.321669689205692, 25.809857198732672 ], [ -100.320671046008698, 25.809758503603895 ], [ -100.319724400353891, 25.809664947370841 ], [ -100.319507763455206, 25.809664655332551 ], [ -100.318731681114286, 25.809453760892648 ], [ -100.318873418277121, 25.808541955283829 ], [ -100.317337101568398, 25.80832741073235 ], [ -100.317299007063241, 25.80832209095518 ], [ -100.316051944885317, 25.808162815168675 ], [ -100.316050904420067, 25.808097549231931 ], [ -100.316049473195264, 25.808065631832225 ], [ -100.316042191744046, 25.807973903863395 ], [ -100.316038100467679, 25.807922369328466 ], [ -100.316034001012795, 25.807870736382601 ], [ -100.316030996140427, 25.807836394668357 ], [ -100.316029485723035, 25.807819143597179 ], [ -100.316024469236822, 25.807761791869538 ], [ -100.316019956771953, 25.807710239735584 ], [ -100.316014943277395, 25.807652943644563 ], [ -100.316010436049709, 25.807601436422207 ], [ -100.316005912579158, 25.807549743082308 ], [ -100.316002478781712, 25.807492419842696 ], [ -100.315997968659758, 25.807440863402537 ], [ -100.315992949446169, 25.80738347529832 ], [ -100.315988434628366, 25.807331921040365 ], [ -100.315983839991077, 25.807274640421419 ], [ -100.31598154137383, 25.807245989418597 ], [ -100.315979698049006, 25.807223009993884 ], [ -100.315974914861499, 25.807165788886515 ], [ -100.315970594774143, 25.807114089418565 ], [ -100.315966285499698, 25.807062511887189 ], [ -100.315961186554759, 25.807005182305943 ], [ -100.315956093221118, 25.806947931888896 ], [ -100.315951502008147, 25.80689630980655 ], [ -100.315946919030395, 25.806844790415393 ], [ -100.315942504016547, 25.806787493177591 ], [ -100.315938522299902, 25.806735803488095 ], [ -100.315934112546884, 25.806678553302596 ], [ -100.315931595104033, 25.80664978866476 ], [ -100.315930092552307, 25.806632603887746 ], [ -100.315925079147178, 25.806575305641136 ], [ -100.315920068657107, 25.806518056609619 ], [ -100.315916525243296, 25.806466431460535 ], [ -100.315912589459202, 25.806409048523467 ], [ -100.315908442321941, 25.806357368891081 ], [ -100.315903850691797, 25.806300137475045 ], [ -100.315891265205934, 25.806237818688878 ], [ -100.315878519578803, 25.806174704910937 ], [ -100.315862967001635, 25.806110141412546 ], [ -100.315848895668466, 25.806053768685867 ], [ -100.315835930263319, 25.805998964374155 ], [ -100.315930929647863, 25.805999084503124 ], [ -100.315699251489107, 25.803200544648806 ], [ -100.315600441899818, 25.801960416517517 ], [ -100.315773868915898, 25.802156717457443 ], [ -100.316078119946766, 25.802506260873557 ], [ -100.316331782943621, 25.802502402637543 ], [ -100.316786628738654, 25.802506988463485 ], [ -100.316777702929542, 25.80238814021973 ], [ -100.316772064756051, 25.802325149453456 ], [ -100.316766427181307, 25.802262158680865 ], [ -100.316760789022894, 25.802199167912629 ], [ -100.316755151463227, 25.802136177138077 ], [ -100.316749513319891, 25.802073186367878 ], [ -100.316743875775288, 25.802010195591365 ], [ -100.316738237647016, 25.8019472048192 ], [ -100.31673260011749, 25.801884214040719 ], [ -100.316726962004282, 25.80182122326659 ], [ -100.316721324489833, 25.801758232486147 ], [ -100.316715686391703, 25.801695241710057 ], [ -100.316710048892332, 25.801632250927629 ], [ -100.31670441080928, 25.801569260149591 ], [ -100.316698772733744, 25.801506269370556 ], [ -100.316693135256969, 25.801443278585189 ], [ -100.316687497196526, 25.801380287804193 ], [ -100.31668185974074, 25.801317297552057 ], [ -100.316676221695346, 25.80125430676911 ], [ -100.316667502860625, 25.801156891979723 ], [ -100.316838157108052, 25.801163053948571 ], [ -100.316896721755299, 25.801165168147136 ], [ -100.316900577720702, 25.801071200979099 ], [ -100.316907238591114, 25.800993806785616 ], [ -100.316908600895431, 25.800977972701631 ], [ -100.316912891052709, 25.80092810284015 ], [ -100.316914335292878, 25.800911336693297 ], [ -100.31691836173583, 25.800864569339982 ], [ -100.316920126296523, 25.80084404503576 ], [ -100.316923513345969, 25.800804693359748 ], [ -100.316925868948815, 25.800775375032877 ], [ -100.316928777129391, 25.800739132095856 ], [ -100.316931278016227, 25.800707979785141 ], [ -100.316933911678731, 25.80067514561263 ], [ -100.316936476054678, 25.800643104225308 ], [ -100.316938887434162, 25.800612841226172 ], [ -100.316942164851596, 25.80057170283451 ], [ -100.316943878508184, 25.800550211273467 ], [ -100.316947538910384, 25.800504993011444 ], [ -100.316949083165142, 25.800486363316455 ], [ -100.316953240627242, 25.800436259147169 ], [ -100.316954161054937, 25.800425169165212 ], [ -100.316958742193222, 25.800369959233656 ], [ -100.316959309975942, 25.800363126547143 ], [ -100.316964436355278, 25.800300970661457 ], [ -100.316969654237923, 25.800236822847115 ], [ -100.316970043604442, 25.800232036400029 ], [ -100.316974897016451, 25.80017236008457 ], [ -100.316975450775729, 25.800165756608362 ], [ -100.316980301717436, 25.800108638770393 ], [ -100.316981293556267, 25.800096948670333 ], [ -100.316985749168154, 25.800044506002742 ], [ -100.316986644432774, 25.800033921516349 ], [ -100.316990561915588, 25.799984575279023 ], [ -100.316992191353776, 25.799964024363668 ], [ -100.316995743517694, 25.79991928665509 ], [ -100.316997538478731, 25.79989637917647 ], [ -100.317000661829795, 25.799856496783065 ], [ -100.317003049441936, 25.799826011335433 ], [ -100.317005685838126, 25.799792357143847 ], [ -100.317007799776277, 25.799763644754655 ], [ -100.317010016054837, 25.799733492708466 ], [ -100.31701278925118, 25.799695739466237 ], [ -100.317015057835761, 25.799665184444162 ], [ -100.317018703589866, 25.799627845068635 ], [ -100.317021123111374, 25.799603028612129 ], [ -100.317025193985486, 25.799561356349933 ], [ -100.317027132408256, 25.799541158035211 ], [ -100.317031377057916, 25.799490387228936 ], [ -100.317032438361892, 25.799477707371839 ], [ -100.317037187645212, 25.799420382775491 ], [ -100.317037725886792, 25.799413873641726 ], [ -100.317042558642896, 25.799356184324356 ], [ -100.317043031574912, 25.799350827622469 ], [ -100.317049100495012, 25.799281942694552 ], [ -100.317053432516786, 25.799228379273767 ], [ -100.317309735467219, 25.799245264077239 ], [ -100.317411867563976, 25.798842571282911 ], [ -100.317439093064493, 25.798738509109278 ], [ -100.317477057967821, 25.798480837992059 ], [ -100.317493208331584, 25.798295971142984 ], [ -100.317514972596427, 25.798046871503558 ], [ -100.317511928614124, 25.797968141459361 ], [ -100.317585348103535, 25.797929114347447 ], [ -100.317675960570881, 25.797869530121698 ], [ -100.317726848920444, 25.797875003727835 ], [ -100.317783994949338, 25.797881150674709 ], [ -100.317849376424007, 25.797888184254589 ], [ -100.317854015927125, 25.797888546848935 ], [ -100.31792402262603, 25.797894009825242 ], [ -100.31799272031094, 25.797899369020442 ], [ -100.317994510772991, 25.797885481465443 ], [ -100.318056841937135, 25.797889361122774 ], [ -100.318061572934155, 25.797889656511149 ], [ -100.318131866642858, 25.797895836150314 ], [ -100.318207427886051, 25.797902494679938 ], [ -100.318271771151515, 25.797908674670936 ], [ -100.318343449107914, 25.797915556740392 ], [ -100.318412319570868, 25.797922635507163 ], [ -100.318479993363283, 25.797930358817986 ], [ -100.318546927466173, 25.797936423132306 ], [ -100.318620426626126, 25.797943954390245 ], [ -100.318689716460568, 25.797950671680013 ], [ -100.318759065240812, 25.797957799467543 ], [ -100.318829480468338, 25.79796405473958 ], [ -100.318898799599694, 25.797970853019951 ], [ -100.318967052520421, 25.797977902867672 ], [ -100.3190359351984, 25.797985011199337 ], [ -100.319106393406088, 25.79799172839515 ], [ -100.319169133261354, 25.797996841343597 ], [ -100.319175094776497, 25.797997412421463 ], [ -100.319221176931563, 25.798001824364807 ], [ -100.319241407708304, 25.798003760374709 ], [ -100.319244777388008, 25.798003286622439 ], [ -100.319279069262734, 25.797998466621568 ], [ -100.319313049832516, 25.797993726512033 ], [ -100.31933745966262, 25.79799032355827 ], [ -100.319380110176297, 25.79797850594818 ], [ -100.319389540466119, 25.797975378067303 ], [ -100.319448281379948, 25.797955533539522 ], [ -100.319478391278679, 25.79794105286258 ], [ -100.319507356502925, 25.797924651415371 ], [ -100.319560439905075, 25.797890473030122 ], [ -100.319563356888622, 25.797888416922742 ], [ -100.319615744299043, 25.797850123474053 ], [ -100.319618505772283, 25.797848120160108 ], [ -100.319672853180606, 25.797809346455466 ], [ -100.319726555614309, 25.797771918830016 ], [ -100.319793191927971, 25.797725477007287 ], [ -100.319825105233193, 25.797716669510194 ], [ -100.319883946595539, 25.797686054840028 ], [ -100.319916119689097, 25.797669315897135 ], [ -100.319944405263456, 25.79765775697792 ], [ -100.319999712458809, 25.797638604961833 ], [ -100.320017106824665, 25.79763258081017 ], [ -100.32008058814985, 25.797614121025106 ], [ -100.320138263746188, 25.797597197611438 ], [ -100.320148045730534, 25.797595719315531 ], [ -100.320163263308103, 25.797594947430515 ], [ -100.320185271855564, 25.797593833421516 ], [ -100.320219760229648, 25.797589259771083 ], [ -100.320263817621125, 25.797587894176164 ], [ -100.320288133280357, 25.79758859615265 ], [ -100.320354945684528, 25.797590946166491 ], [ -100.32043668732112, 25.797593822138701 ], [ -100.320488200830027, 25.797595634471982 ], [ -100.320511129295156, 25.797400249379013 ], [ -100.320325686826166, 25.797386377062189 ], [ -100.320323715676153, 25.797416162951741 ], [ -100.320279018838946, 25.7974161620097 ], [ -100.320130041744406, 25.797412436231582 ], [ -100.320122934214552, 25.797379506329531 ], [ -100.320130715302312, 25.797315686280083 ], [ -100.320135632275225, 25.797275344375624 ], [ -100.320138721688977, 25.797250001543947 ], [ -100.320139833940289, 25.797240883776094 ], [ -100.320143703767158, 25.797209132370288 ], [ -100.320147697191544, 25.797176369306147 ], [ -100.320151580089117, 25.797144517155896 ], [ -100.320155725479736, 25.797110528079074 ], [ -100.320160126363518, 25.797074410703047 ], [ -100.320164254231145, 25.797040548101897 ], [ -100.32016866184938, 25.797004398549802 ], [ -100.320171439015823, 25.796981612724505 ], [ -100.320176685602746, 25.796938576630673 ], [ -100.320179003457255, 25.79691958876731 ], [ -100.320184741974785, 25.796872497498693 ], [ -100.32018643287293, 25.796858612967842 ], [ -100.320193305618119, 25.796802253863049 ], [ -100.320194222653413, 25.796794728604787 ], [ -100.320201168846367, 25.796737741529409 ], [ -100.32020253684469, 25.796726519009965 ], [ -100.320209389883573, 25.796670303527552 ], [ -100.320214871126481, 25.796625341642748 ], [ -100.320415928975251, 25.796652531528068 ], [ -100.320367078642221, 25.79701489044459 ], [ -100.320346731267691, 25.797203164959978 ], [ -100.32038264293854, 25.797206778785686 ], [ -100.320469188405085, 25.797215481655709 ], [ -100.32048468482094, 25.797217040859302 ], [ -100.320543732171558, 25.797222978914498 ], [ -100.320553697691182, 25.797223980305034 ], [ -100.320617913657529, 25.797230436605695 ], [ -100.320625625141503, 25.797231210110347 ], [ -100.320691557725709, 25.797237843474729 ], [ -100.320764273662803, 25.797245155970018 ], [ -100.320773739596788, 25.797246106217983 ], [ -100.320830930717236, 25.797251857624126 ], [ -100.320844653750015, 25.797253238069612 ], [ -100.320902439151453, 25.797259048278182 ], [ -100.320918089477999, 25.797260623164824 ], [ -100.320967784531987, 25.797265618339523 ], [ -100.320991378406163, 25.797267992428523 ], [ -100.321037898406487, 25.797272667445647 ], [ -100.321063895469138, 25.79727528302881 ], [ -100.321108954662833, 25.797279815004053 ], [ -100.32114346822091, 25.797283284516986 ], [ -100.321178261182496, 25.797286783597503 ], [ -100.321214157469527, 25.797290392538745 ], [ -100.321247214926942, 25.797293716825685 ], [ -100.321295955851326, 25.797298617790503 ], [ -100.321320913496123, 25.797301127160054 ], [ -100.321365323684674, 25.797302796058879 ], [ -100.321432016131951, 25.797303087063042 ], [ -100.321441000226926, 25.797303026828377 ], [ -100.32149908320838, 25.797294080701093 ], [ -100.3215042258213, 25.797293747075162 ], [ -100.321572923281366, 25.797289298964362 ], [ -100.321638999791844, 25.797285020228795 ], [ -100.321709748622112, 25.797280439937456 ], [ -100.321783203449073, 25.797275683005719 ], [ -100.321846675527595, 25.797271571295173 ], [ -100.321917459785269, 25.79726698844015 ], [ -100.32199447378548, 25.797262002076994 ], [ -100.322062615827647, 25.797257590899793 ], [ -100.322129049138709, 25.797253287288783 ], [ -100.322205285597633, 25.797248352844406 ], [ -100.322272987981719, 25.797243964835484 ], [ -100.322342075344196, 25.797239493548528 ], [ -100.322414665113882, 25.797234791267009 ], [ -100.322477075411783, 25.797230748350387 ], [ -100.322480359990735, 25.79727327497223 ], [ -100.322493460547989, 25.797443386081113 ], [ -100.322510300207895, 25.797634800031336 ], [ -100.322521727485679, 25.797789877504925 ], [ -100.322530425838593, 25.797988878133651 ], [ -100.322542469224274, 25.798155988636911 ], [ -100.322561699549027, 25.798340739541647 ], [ -100.322600719550707, 25.79867005889847 ], [ -100.322619890989429, 25.799039967333108 ], [ -100.322855201313914, 25.799027000385543 ], [ -100.322854975986985, 25.799025291269892 ], [ -100.323283926594456, 25.799003374041408 ], [ -100.323830939300308, 25.798961234059259 ], [ -100.323853752777154, 25.798869386682458 ], [ -100.323882660332274, 25.798731395290545 ], [ -100.323911567827793, 25.798593403892951 ], [ -100.323923129857448, 25.798538206805745 ], [ -100.323934694254262, 25.798483010766489 ], [ -100.323954435856791, 25.798388759208201 ], [ -100.32396744434827, 25.798326668424433 ], [ -100.32398045048663, 25.798264579801799 ], [ -100.323993458953964, 25.79820248901574 ], [ -100.324006465044391, 25.798140398250059 ], [ -100.32401947114657, 25.798078309623982 ], [ -100.324032479553892, 25.798016216693725 ], [ -100.324045485608139, 25.797954125924619 ], [ -100.324058491650334, 25.797892035154344 ], [ -100.324071500069024, 25.797829946502137 ], [ -100.324114407986869, 25.797625104434449 ], [ -100.32413324212942, 25.797535196565278 ], [ -100.324152078587673, 25.797445286531428 ], [ -100.324193836982715, 25.797245936309288 ] ] ] ] } },
{ "type": "Feature", "properties": { "F_ING": null, "CODIGO_MS": null, "NOM_MS": "Valle del Roble", "TIP_INFO": "PLANO DE SECTORIZACION", "CONS_ZP": null, "ESTADO_MS": "EN OPERACION 0111", "ID_MEDIDOR": null, "Q_MEDIO": 0.0, "Q_FACTURAD": 0.0, "MARCA_CONT": null, "MARCA_VAL": null, "P_MIN": 0.0, "P_MAX": 0.0, "P_ENTRADA": 0.0, "P_SALIDA": 0.0, "LONG_RED": 0.0, "CANT_TOMAS": 0.0, "CANT_MEDID": 0.0, "PORCENTAJE": 0.0, "GASTO_MEDI": 0.0, "NUMERO_CIR": 0, "TOMAS_NS": 0.0, "MEDIDORES_": 0.0, "DIAM_VAL": null, "CLORO": 0.0, "PH_H2O": 0.0, "TEMP_AGUA": 0, "RESP_MS": null, "FECHA_PRUE": null, "REF_DIR_ME": null, "TIP_MODI": null, "CONS_M3_US": 0.0, "CREATED_US": null, "CREATED_DA": null, "LAST_EDITE": null, "LAST_EDI_1": null, "Shape_Leng": 18516.187300199999, "Shape_Area": 11993669.750399999 }, "geometry": { "type": "MultiPolygon", "coordinates": [ [ [ [ -100.089498498229133, 25.606828916714356 ], [ -100.087065744223239, 25.608005587201717 ], [ -100.074653715614318, 25.614008040241128 ], [ -100.06990727721778, 25.611834841555421 ], [ -100.059268335872773, 25.6197167408444 ], [ -100.055613903008535, 25.617705720157453 ], [ -100.05080259330434, 25.623944205479365 ], [ -100.029157104019831, 25.611910524544047 ], [ -100.020864352683148, 25.60434217263035 ], [ -100.029394967485302, 25.596384591015042 ], [ -100.044193331098, 25.6053941860504 ], [ -100.056187339115823, 25.601229516666194 ], [ -100.061957533184042, 25.60459645420546 ], [ -100.06525814667792, 25.599887655978108 ], [ -100.065550068549314, 25.593141011272106 ], [ -100.068361171057617, 25.590394780083852 ], [ -100.072707568195597, 25.59026503700607 ], [ -100.077745927443587, 25.592092253491025 ], [ -100.08596299703018, 25.596654888879623 ], [ -100.089498498229133, 25.606828916714356 ] ] ] ] } }
]
}
